date,fx_rate,DDR1_nominal_USD,DDR1_real_USD,DDR2_nominal_USD,DDR2_real_USD,DDR3_nominal_USD,DDR3_real_USD,DDR4_nominal_USD,DDR4_real_USD,DDR5_nominal_USD,DDR5_real_USD
2000-01-01,1.0,5.84,11.26564630832841,5.12,9.876731010041347,2.73,5.266303839338453,9.0,17.361441228588305,5.99,11.555003662138216
2000-02-01,1.0,5.84,11.219258352941177,5.12,9.836062117647058,2.73,5.244619058823529,9.0,17.28995294117647,5.99,11.507424235294119
2000-03-01,1.0,5.84,11.15364865497076,5.12,9.778541286549709,2.73,5.213948771929825,9.0,17.18884210526316,5.99,11.440129356725148
2000-04-01,1.0,5.84,11.160175073142188,5.12,9.784263077823288,2.73,5.216999648917496,9.0,17.19889994148625,5.99,11.446823405500293
2000-05-01,1.0,5.84,11.140618691588786,5.12,9.767117757009347,2.73,5.207857710280375,9.0,17.168761682242994,5.99,11.42676471962617
2000-06-01,1.0,5.84,11.075922880371662,5.12,9.710398141695704,2.73,5.177614634146342,9.0,17.06905923344948,5.99,11.360407200929155
2000-07-01,1.0,5.84,11.043855935147656,5.12,9.682284655471918,2.73,5.162624435437175,9.0,17.01964099594673,5.99,11.327516618413435
2000-08-01,1.0,5.84,11.043855935147656,5.12,9.682284655471918,2.73,5.162624435437175,9.0,17.01964099594673,5.99,11.327516618413435
2000-09-01,1.0,5.84,10.986600921658987,5.12,9.632088479262674,2.73,5.135859677419355,9.0,16.931405529953917,5.99,11.268791013824886
2000-10-01,1.0,5.84,10.967647613571017,5.12,9.615471880391029,2.73,5.1269996549741235,9.0,16.902196664749855,5.99,11.24935089131685
2000-11-01,1.0,5.84,10.948759586681977,5.12,9.598912514351323,2.73,5.118170149253732,9.0,16.87308840413318,5.99,11.229977726750864
2000-12-01,1.0,5.84,10.923676517754869,5.12,9.576921878579611,2.73,5.106444673539519,9.0,16.834432989690722,5.99,11.204250400916381
2001-01-01,1.0,5.84,10.861468792710706,5.12,9.522383599088839,2.73,5.0773646924829166,9.0,16.73856492027335,5.99,11.140444874715264
2001-02-01,1.0,5.84,10.836783636363636,5.12,9.500741818181819,2.73,5.065825227272727,9.0,16.700522727272727,5.99,11.115125681818183
2001-03-01,1.0,5.84,10.830629869392391,5.12,9.495346734809768,2.73,5.062948551959114,9.0,16.691039182282797,5.99,11.108813855763772
2001-04-01,1.0,5.84,10.812210430839002,5.12,9.479198185941042,2.73,5.054338095238095,9.0,16.66265306122449,5.99,11.089921315192743
2001-05-01,1.0,5.84,10.757326113931189,5.12,9.431080428652002,2.73,5.028681556683587,9.0,16.578071065989846,5.99,11.033627298364355
2001-06-01,1.0,5.84,10.73311153629713,5.12,9.409851209904334,2.73,5.017362070906022,9.0,16.540754079909963,5.99,11.008790770962298
2001-07-01,1.0,5.84,10.751262232243517,5.12,9.425764148816235,2.73,5.025846899661781,9.0,16.56872604284104,5.99,11.027407666290868
2001-08-01,1.0,5.84,10.751262232243517,5.12,9.425764148816235,2.73,5.025846899661781,9.0,16.56872604284104,5.99,11.027407666290868
2001-09-01,1.0,5.84,10.709005727119598,5.12,9.388717349803484,2.73,5.006093430656935,9.0,16.503604716451434,5.99,10.984065805727122
2001-10-01,1.0,5.84,10.739154954954957,5.12,9.415149549549552,2.73,5.020187162162163,9.0,16.55006756756757,5.99,11.014989414414417
2001-11-01,1.0,5.84,10.745205183098593,5.12,9.42045385915493,2.73,5.023015436619719,9.0,16.559391549295775,5.99,11.021195042253522
2001-12-01,1.0,5.84,10.751262232243517,5.12,9.425764148816235,2.73,5.025846899661781,9.0,16.56872604284104,5.99,11.027407666290868
2002-01-01,1.0,5.84,10.73311153629713,5.12,9.409851209904334,2.73,5.017362070906022,9.0,16.540754079909963,5.99,11.008790770962298
2002-02-01,1.0,5.84,10.71502202247191,5.12,9.39399191011236,2.73,5.008905842696629,9.0,16.51287640449438,5.99,10.990236629213484
2002-03-01,1.0,5.84,10.685007955182073,5.12,9.367678207282914,2.73,4.994875294117647,9.0,16.466621848739496,5.99,10.959451652661064
2002-04-01,1.0,5.84,10.637333630786392,5.12,9.325881539319576,2.73,4.972589180145008,9.0,16.393151143335192,5.99,10.910552816508647
2002-05-01,1.0,5.84,10.625481448467967,5.12,9.315490584958217,2.73,4.9670486908077995,9.0,16.37488579387187,5.99,10.898396211699165
2002-06-01,1.0,5.84,10.619565256124723,5.12,9.310303786191538,2.73,4.964283073496659,9.0,16.365768374164812,5.99,10.892328062360804
2002-07-01,1.0,5.84,10.595966222222222,5.12,9.289614222222223,2.73,4.953251333333333,9.0,16.3294,5.99,10.86812288888889
2002-08-01,1.0,5.84,10.566614515235457,5.12,9.263881218836566,2.73,4.939530415512466,9.0,16.28416620498615,5.99,10.83801728531856
2002-09-01,1.0,5.84,10.549081415929203,5.12,9.248509734513275,2.73,4.931334292035398,9.0,16.257146017699117,5.99,10.820033849557523
2002-10-01,1.0,5.84,10.525794260485652,5.12,9.228093598233997,2.73,4.920448344370861,9.0,16.221258278145697,5.99,10.796148565121413
2002-11-01,1.0,5.84,10.508396253443527,5.12,9.212840550964188,2.73,4.912315371900827,9.0,16.194446280991738,5.99,10.778303691460057
2002-12-01,1.0,5.84,10.491055665566558,5.12,9.19763784378438,2.73,4.904209240924093,9.0,16.16772277227723,5.99,10.760517711771177
2003-01-01,1.0,5.84,10.445092661555313,5.12,9.157341511500547,2.73,4.882723110624315,9.0,16.096889375684558,5.99,10.713374151150056
2003-02-01,1.0,5.84,10.388202178649237,5.12,9.107464923747278,2.73,4.856128758169935,9.0,16.009215686274512,5.99,10.655022440087148
2003-03-01,1.0,5.84,10.371255682436106,5.12,9.09260772158782,2.73,4.848206851549755,9.0,15.983099510603589,5.99,10.6376406742795
2003-04-01,1.0,5.84,10.410883842794762,5.12,9.127350218340613,2.73,4.866731659388647,9.0,16.044170305676857,5.99,10.67828668122271
2003-05-01,1.0,5.84,10.427960196828868,5.12,9.142321268452708,2.73,4.874714270092947,9.0,16.070486604702026,5.99,10.69580164024057
2003-06-01,1.0,5.84,10.416569743309669,5.12,9.132335117422175,2.73,4.869389623156746,9.0,16.052932823593668,5.99,10.684118623702897
2003-07-01,1.0,5.84,10.38254719651606,5.12,9.102507131192162,2.73,4.853485247686446,9.0,16.000500816548723,5.99,10.649222210125206
2003-08-01,1.0,5.84,10.337528021680217,5.12,9.063038265582657,2.73,4.832440325203252,9.0,15.931121951219513,5.99,10.60304672086721
2003-09-01,1.0,5.84,10.304019016747704,5.12,9.033660507833604,2.73,4.816776012965964,9.0,15.879481361426256,5.99,10.568677039438143
2003-10-01,1.0,5.84,10.315164521362899,5.12,9.043431909140075,2.73,4.821986154678204,9.0,15.896657652785288,5.99,10.580108815575986
2003-11-01,1.0,5.84,10.309588756756757,5.12,9.038543567567569,2.73,4.819379675675676,9.0,15.888064864864866,5.99,10.574389837837838
2003-12-01,1.0,5.84,10.281800107816712,5.12,9.014180916442049,2.73,4.806389433962265,9.0,15.845239892183288,5.99,10.5458874393531
2004-01-01,1.0,5.84,10.237648523886204,5.12,8.975472678475578,2.73,4.785750080515298,9.0,15.77719806763285,5.99,10.500601825013419
2004-02-01,1.0,5.84,10.21571462238886,5.12,8.956242956614892,2.73,4.7754967327263,9.0,15.743395822174612,5.99,10.478104552758436
2004-03-01,1.0,5.84,10.193874505611973,5.12,8.93709545697488,2.73,4.765287226082309,9.0,15.709738107963656,5.99,10.455703474078033
2004-04-01,1.0,5.84,10.177555602988262,5.12,8.922788473852723,2.73,4.757658697972253,9.0,15.684589114194239,5.99,10.438965421558166
2004-05-01,1.0,5.544901960784314,9.62220213373341,5.12,8.884859511158345,2.73,4.737434856535601,9.0,15.617917109458027,5.99,10.394591498405953
2004-06-01,1.0,5.239967320261438,9.059345935360204,5.12,8.851935203811541,2.73,4.719879512969825,9.0,15.560042350449972,5.99,10.356072631021705
2004-07-01,1.0,4.944869281045752,8.54011088713998,5.12,8.842573030142782,2.73,4.7148875727128505,9.0,15.54358540454786,5.99,10.345119619249076
2004-08-01,1.0,4.639934640522876,8.00923347980489,5.12,8.837899365750529,2.73,4.7123955602537,9.0,15.535369978858352,5.99,10.33965179704017
2004-09-01,1.0,4.335,7.459214857744994,5.12,8.809960800842992,2.73,4.6974986301369865,9.0,15.486259220231823,5.99,10.306965858798735
2004-10-01,1.0,4.215405405405406,7.215413105558389,5.12,8.763787002096436,2.73,4.672878616352201,9.0,15.405094339622641,5.99,10.252946121593292
2004-11-01,1.0,4.091824324324325,6.971000117018428,5.12,8.722642462180492,2.73,4.650940219092332,9.0,15.332769953051645,5.99,10.204810224308817
2004-12-01,1.0,3.9722297297297295,6.7672538496242725,5.12,8.722642462180492,2.73,4.650940219092332,9.0,15.332769953051645,5.99,10.204810224308817
2005-01-01,1.0,3.8486486486486484,6.5601381255995035,5.12,8.727194989561587,2.73,4.653367640918581,9.0,15.340772442588728,5.99,10.210136325678498
2005-02-01,1.0,3.7250675675675677,6.323089224307468,5.12,8.690907276507277,2.73,4.634018918918919,9.0,15.276985446985448,5.99,10.167682536382538
2005-03-01,1.0,3.613445945945946,6.111383141349533,5.12,8.659402175038842,2.73,4.617220300362507,9.0,15.221605385810463,5.99,10.13082402900052
2005-04-01,1.0,3.489864864864865,5.884088727343761,5.12,8.632579039752196,2.73,4.60291812080537,9.0,15.174455343314406,5.99,10.099443056272587
2005-05-01,1.0,3.3702702702702703,5.68538133794952,5.12,8.637038016528926,2.73,4.605295661157025,9.0,15.182293388429752,5.99,10.104659710743803
2005-06-01,1.0,3.246689189189189,5.474082234997001,5.12,8.632579039752196,2.73,4.60291812080537,9.0,15.174455343314406,5.99,10.099443056272587
2005-07-01,1.0,3.1270945945945945,5.239977267621649,5.12,8.579428219599794,2.73,4.574577937403797,9.0,15.081026167265264,5.99,10.037260749102105
2005-08-01,1.0,3.0035135135135134,5.002098273081853,5.12,8.526927893931669,2.73,4.546584599694034,9.0,14.988740438551762,5.99,9.97583946965834
2005-09-01,1.0,2.8799324324324322,4.7311437285877425,5.12,8.411119517102616,2.73,4.4848352112676055,9.0,14.785171026156942,5.99,9.840352716297787
2005-10-01,1.0,2.760337837837838,4.527841355016494,5.12,8.398445806127574,2.73,4.478077548970367,9.0,14.762893018583627,5.99,9.825525464590658
2005-11-01,1.0,2.636756756756757,4.346961714667723,5.12,8.440840787481072,2.73,4.500682685512368,9.0,14.837415446744071,5.99,9.875124280666332
2005-12-01,1.0,2.5171621621621623,4.1497978607582855,5.12,8.440840787481072,2.73,4.500682685512368,9.0,14.837415446744071,5.99,9.875124280666332
2006-01-01,1.0,2.393581081081081,3.922302348761205,5.12,8.390017862518816,2.73,4.473583743100853,9.0,14.748078273958857,5.99,9.815665429001506
2006-02-01,1.0,2.27,3.7179275827482448,5.12,8.385810230692076,2.73,4.471340220661986,9.0,14.740682046138415,5.99,9.810742828485457
2006-03-01,1.0,2.317191011235955,3.7895181671383487,5.088539325842697,8.321762049816298,2.73,4.4646231347020535,9.0,14.718537806710067,5.99,9.796004606910367
2006-04-01,1.0,2.369438202247191,3.855655623295993,5.053707865168539,8.223619054657016,2.73,4.442377877428999,9.0,14.645201793721975,5.99,9.747195416043848
2006-05-01,1.0,2.42,3.9261945355191257,5.02,8.144420069547937,2.73,4.429136810730253,9.0,14.601549925484353,5.99,9.71814267262792
2006-06-01,1.0,2.400140625,3.884326691959861,4.9582421875,8.024293357439296,2.73,4.418162735381566,9.0,14.565371655104062,5.99,9.694064023785927
2006-07-01,1.0,2.380921875,3.832333727513553,4.8984765625,7.8845917377710695,2.73,4.3942101527846225,9.0,14.486407097092163,5.99,9.641508723509117
2006-08-01,1.0,2.3610625,3.783585278459274,4.836718749999999,7.750806197865553,2.73,4.374804906771344,9.0,14.42243375858685,5.99,9.59893091265947
2006-09-01,1.0,2.341203125,3.7702605827785995,4.7749609374999995,7.6895707231570505,2.73,4.396376923076923,9.0,14.493550295857988,5.99,9.64626291913215
2006-10-01,1.0,2.321984375,3.755979361379396,4.7151953125,7.627172891128033,2.73,4.415974442793463,9.0,14.55815750371471,5.99,9.689262605250125
2006-11-01,1.0,2.3021249999999998,3.722011878712871,4.6534375,7.523548743811881,2.73,4.413788316831684,9.0,14.550950495049506,5.99,9.68446594059406
2006-12-01,1.0,2.28290625,3.670949218980798,4.593671875,7.3866967519079285,2.73,4.389883013293945,9.0,14.472141802067949,5.99,9.632014377154112
2007-01-01,1.0,2.263046875,3.6329868844531723,4.531914062499999,7.275317419366928,2.73,4.382611029458751,9.0,14.448168228984894,5.99,9.616058632402169
2007-02-01,1.0,2.2431875,3.587193203852595,4.47015625,7.148450194270073,2.73,4.3656793943964045,9.0,14.392349651856279,5.99,9.578908268291013
2007-03-01,1.0,2.22525,3.5400995041112973,4.414375,7.022728569132146,2.73,4.343094774170921,9.0,14.317894859904136,5.99,9.529354467869531
2007-04-01,1.0,2.205390625,3.498009331715266,4.3526171875,6.903763608435242,2.73,4.330101600745979,9.0,14.275060222239492,5.99,9.500845636801618
2007-05-01,1.0,2.186171875,3.453253852687964,4.2928515625,6.7809426910776045,2.73,4.312278977533796,9.0,14.216304321539988,5.99,9.461740320669392
2007-06-01,1.0,2.1663125,3.413974862956851,4.231093749999999,6.667942739246455,2.73,4.302311589797041,9.0,14.183444801528708,5.99,9.439870484572996
2007-07-01,1.0,2.14709375,3.37767302796684,4.171328125,6.562071404013911,2.73,4.294664527969249,9.0,14.15823470759093,5.99,9.423091766496631
2007-08-01,1.0,2.127234375,3.345400184249303,4.1095703125,6.462925497160117,2.73,4.293340973770508,9.0,14.153871342100576,5.99,9.420187704353605
2007-09-01,1.0,2.107375,3.3001835869132625,4.0478125,6.338940328798785,2.73,4.275224481771496,9.0,14.094146643202734,5.99,9.380437599198263
2007-10-01,1.0,2.08815625,3.2600352472632537,3.9880468749999998,6.226149685991204,2.73,4.262083464792772,9.0,14.050824609206941,5.99,9.351604378794399
2007-11-01,1.0,2.068296875,3.2038520343611565,3.9262890625,6.081935989184619,2.73,4.2288494265630785,9.0,13.941261845812345,5.99,9.278684272935106
2007-12-01,1.0,2.049078125,3.16490967716191,3.8665234374999997,5.972050208830902,2.73,4.2166295727021215,9.0,13.900976613303698,5.99,9.251872212632128
2008-01-01,1.0,2.02921875,3.123467027651833,3.804765625,5.856470613446982,2.73,4.202141826991054,9.0,13.853214814256223,5.99,9.220084081932754
2008-02-01,1.0,2.009359375,3.085438506173391,3.7430078125,5.747513649018276,2.73,4.192006281531077,9.0,13.819800928124428,5.99,9.197845284385036
2008-03-01,1.0,1.99078125,3.0460124567810425,3.685234375,5.638625445366085,2.73,4.177060642404707,9.0,13.77052959034519,5.99,9.16505247179641
2008-04-01,1.0,1.9709218750000002,3.0086632513134406,3.6234765625,5.531330751295912,2.73,4.1674156547101555,9.0,13.738732927615898,5.99,9.143890026268803
2008-05-01,1.0,1.951703125,2.9617989116924095,3.5637109375,5.408094623137848,2.73,4.142900078064013,9.0,13.657912345265977,5.99,9.090099438682579
2008-06-01,1.0,1.93184375,2.9012613024974367,3.501953125,5.259266482976415,2.73,4.099939943806533,9.0,13.516285529032526,5.99,8.99583892432276
2008-07-01,1.0,1.912625,2.8520307808561935,3.4421875,5.1328539067921986,2.73,4.0708680644336495,9.0,13.420444168462579,5.99,8.932051174343428
2008-08-01,1.0,1.892765625,2.8266246281837306,3.3804296875,5.048277336783804,2.73,4.076936485436006,9.0,13.440449951986832,5.99,8.945366134711236
2008-09-01,1.0,1.8729062500000002,2.794577348807778,3.318671875,4.951814993409541,2.73,4.073453309392947,9.0,13.428966954042682,5.99,8.937723561635075
2008-10-01,1.0,1.8536875,2.7898895976865825,3.25890625,4.9048119743542475,2.73,4.108782414341344,9.0,13.54543653079564,5.99,9.01524053549621
2008-11-01,1.0,1.8338281250000001,2.8097482075668654,3.1971484375,4.8985954403937555,2.73,4.182841620807589,9.0,13.78958776090414,5.99,9.177736743090644
2008-12-01,1.0,1.814609375,2.8033834121538526,3.1373828125000003,4.846931276401623,2.73,4.21756705361451,9.0,13.904067209718164,5.99,9.253929176245755
2009-01-01,1.0,1.79475,2.7657033732358816,3.075625,4.739527197274611,2.73,4.20692030028358,9.0,13.868968022912902,5.99,9.230568717472032
2009-02-01,1.0,1.774890625,2.725173265496815,3.0138671875000003,4.627502207429304,2.73,4.191651536165112,9.0,13.81863143790696,5.99,9.197066923673633
2009-03-01,1.0,1.7569531250000001,2.700297923186428,2.9580859375000004,4.54634400882962,2.73,4.195793971622861,9.0,13.832287818536907,5.99,9.206156003670674
2009-04-01,1.0,1.73709375,2.667089655938395,2.896328125,4.446948693696553,2.73,4.191572712015007,9.0,13.818371578071451,5.99,9.196893972516444
2009-05-01,1.0,1.7178750000000003,2.633706192318165,2.8365625000000003,4.348786856521863,2.73,4.185413900911644,9.0,13.79806780520322,5.99,9.183380683685254
2009-06-01,1.0,1.698015625,2.5818312162461012,2.7748046875,4.21908800819987,2.73,4.15096252153266,9.0,13.68449182922855,5.99,9.107789561897668
2009-07-01,1.0,1.6787968750000002,2.5533699403542194,2.7150390625000003,4.129444861561945,2.73,4.152199733614001,9.0,13.688570550375829,5.99,9.110504177416802
2009-08-01,1.0,1.6589375,2.5147442746408597,2.65328125,4.022046540300309,2.73,4.138342686068371,9.0,13.642887976049574,5.99,9.080099886281884
2009-09-01,1.0,1.6390781250000002,2.4798516021305383,2.5915234375000002,3.9208585914373146,2.73,4.1303674123625855,9.0,13.6165958649316,5.99,9.062601025660033
2009-10-01,1.0,1.619859375,2.443439457770809,2.5317578125000004,3.8189715922605996,2.73,4.118005440882365,9.0,13.575842112799007,5.99,9.03547713951845
2009-11-01,1.0,1.6,2.4054282478801663,2.47,3.713379857665007,2.73,4.104261947945533,9.0,13.530533894325934,5.99,9.005322003001371
2009-12-01,1.0,1.5704918032786885,2.3598383094737003,2.548688524590164,3.8296874945081028,2.7398360655737704,4.116907898354275,9.0,13.523499289155131,5.99,9.000640082448804
2010-01-01,1.0,1.54,2.3125207827558305,2.63,3.949304973147944,2.75,4.129501397778268,9.0,13.514731847274334,5.99,8.994804862797029
2010-02-01,1.0,1.54,2.314723882898183,2.6146314487632507,3.9299674411876446,2.758752296819788,4.1465907976941425,9.0,13.527607107846523,5.99,9.003374064000075
2010-03-01,1.0,1.54,2.313957111243001,2.6007501766784453,3.9078080297997273,2.766657597173145,4.1570954684112165,9.0,13.52312597479676,5.99,9.00039162100362
2010-04-01,1.0,1.54,2.3134249297387806,2.585381625441696,3.883822276094409,2.775409893992933,4.169287298056439,9.0,13.520015823148716,5.99,8.998321642295647
2010-05-01,1.0,1.54,2.314628008652032,2.5705088339222613,3.8634881451194416,2.7838798586572437,4.18418590491579,9.0,13.527046803810576,5.99,9.00300115053615
2010-06-01,1.0,1.54,2.3155977697871535,2.555140282685512,3.8419981429090186,2.792632155477032,4.199099214973057,9.0,13.532714239015833,5.99,9.00677314352276
2010-07-01,1.0,1.54,2.311277406309598,2.5402674911660776,3.812508349555144,2.801102120141343,4.203976651330259,9.0,13.507465361549599,5.99,8.989968612853566
2010-08-01,1.0,1.54,2.3079047186391524,2.5248989399293285,3.783913102305124,2.8098544169611306,4.210958615320557,9.0,13.487754849189852,5.99,8.97685017184969
2010-09-01,1.0,1.54,2.304182888558012,2.5095303886925793,3.754816220741414,2.8186067137809188,4.217263220434235,9.0,13.4660038941702,5.99,8.962373702897722
2010-10-01,1.0,1.54,2.296187915173374,2.494657597173145,3.7196120955353393,2.8270766784452297,4.215259288515857,9.0,13.419280023740498,5.99,8.931276371356176
2010-11-01,1.0,1.54,2.2903844437360537,2.4792890459363957,3.6873539365830665,2.835828975265018,4.2176224480798385,9.0,13.38536363222369,5.99,8.908703128557768
2010-12-01,1.0,1.54,2.2812217424434853,2.464416254416961,3.650571390913706,2.844298939929329,4.21329648297126,9.0,13.331815377916472,5.99,8.873063790413296
2011-01-01,1.0,1.54,2.2738475588529163,2.449047703180212,3.616078663240693,2.8530512367491165,4.212599733743034,9.0,13.28871949978977,5.99,8.844381089304527
2011-02-01,1.0,1.54,2.2665617535985008,2.433679151943463,3.581872783327978,2.8618035335689047,4.211983399675534,9.0,13.246140118432795,5.99,8.816042145490272
2011-03-01,1.0,1.54,2.254895940747649,2.419797879858657,3.543111958911073,2.8697088339222616,4.201879740739595,9.0,13.177963290083662,5.99,8.770666678622348
2011-04-01,1.0,1.54,2.2443606895351484,2.404429328621908,3.5041601726781813,2.8784611307420493,4.195003252072953,9.0,13.116393640140478,5.99,8.729688656049051
2011-05-01,1.0,1.54,2.2372424223552754,2.3895565371024734,3.4714397762480655,2.8869310954063603,4.194003063025775,9.0,13.074793377400958,5.99,8.702001370070194
2011-06-01,1.0,1.54,2.2372424223552754,2.374187985865724,3.449113039366899,2.8956833922261485,4.206718004414266,9.0,13.074793377400958,5.99,8.702001370070194
2011-07-01,1.0,1.54,2.231396082433062,2.35931519434629,3.4185497934344866,2.9041533568904594,4.207997677500128,9.0,13.040626455777634,5.99,8.679261385567559
2011-08-01,1.0,1.54,2.22437936189221,2.3439466431095406,3.385601648252849,2.912905653710247,4.207407285228708,9.0,12.999619647422007,5.99,8.65196907645087
2011-09-01,1.0,1.54,2.2195594822526337,2.3285780918727914,3.356115314274025,2.9216579505300353,4.21090494025827,9.0,12.971451519658247,5.99,8.6332216225281
2011-10-01,1.0,1.54,2.2180618302094817,2.313705300353357,3.33242948900464,2.9301279151943462,4.220262913197315,9.0,12.96269900771775,5.99,8.627396339581036
2011-11-01,1.0,1.54,2.213970744247675,2.298336749116608,3.3041885214113487,2.9388802120141344,4.225061565095907,9.0,12.938790063785111,5.99,8.611483609119203
2011-12-01,1.0,1.54,2.213444589676221,2.283463957597173,3.2820265861455287,2.9473501766784453,4.236231365227376,9.0,12.935715134471423,5.99,8.609437072831536
2012-01-01,1.0,1.54,2.2074311145442893,2.268095406360424,3.2510807602305025,2.956102473498233,4.237267907650217,9.0,12.900571448635457,5.99,8.586046997480711
2012-02-01,1.0,1.54,2.2027229129895898,2.252726855123675,3.222164324992142,2.9648547703180212,4.240749049523372,9.0,12.873055985004095,5.99,8.567733927797171
2012-03-01,1.0,1.54,2.198121211326577,2.238349823321555,3.19491183442351,2.973042402826855,4.243576342744833,9.0,12.846162923337138,5.99,8.549835101198829
2012-04-01,1.0,1.54,2.1944766500717754,2.2229812720848057,3.167714607231791,2.981794699646643,4.249012236157364,9.0,12.824863539380505,5.99,8.535659177876582
2012-05-01,1.0,1.54,2.1990246291203386,2.208108480565371,3.153042163982298,2.990264664310954,4.2699127561091235,9.0,12.851442637716264,5.99,8.553349044435603
2012-06-01,1.0,1.54,2.2008433249899357,2.192739929328622,3.1336863875985723,2.9990169611307422,4.285952247036491,9.0,12.862071379811313,5.99,8.56042306278553
2012-07-01,1.0,1.54,2.2002078831094973,2.177867137809187,3.1115327564759037,3.007486925795053,4.296815871742224,9.0,12.858357758432128,5.99,8.557951441445383
2012-08-01,1.0,1.54,2.187499543315443,2.162498586572438,3.0717303055503242,3.016239222614841,4.284429819480579,9.0,12.784088240155187,5.99,8.50852095094773
2012-09-01,1.0,1.54,2.1771119624266824,2.147130035335689,3.035417197931788,3.024991519434629,4.276457937143115,9.0,12.723381598597495,5.99,8.468117308399888
2012-10-01,1.0,1.54,2.171256529584956,2.1322572438162544,3.0062840671369244,3.03346148409894,4.276898087398893,9.0,12.689161536535456,5.99,8.445341955983043
2012-11-01,1.0,1.54,2.1749089509576263,2.116888692579505,2.9896364712156833,3.0422137809187277,4.296453235614795,9.0,12.710506856245868,5.99,8.459548452101416
2012-12-01,1.0,1.54,2.175172324313103,2.1020159010600707,2.9689914371765815,3.0506837455830387,4.308936917937702,9.0,12.712046051180472,5.99,8.460572871841226
2013-01-01,1.0,1.54,2.1708722844970842,2.0866473498233216,2.9414577267861954,3.059436042402827,4.31275643548295,9.0,12.686915948359584,5.99,8.443847392297101
2013-02-01,1.0,1.54,2.1591482675573226,2.0712787985865724,2.9040246945431236,3.0681883392226146,4.301736063098758,9.0,12.618398966244094,5.99,8.398245534200235
2013-03-01,1.0,1.54,2.165236738102823,2.0573975265017665,2.8926965644568194,3.076093639575972,4.324981141723583,9.0,12.653980936964551,5.99,8.421927312490851
2013-04-01,1.0,1.54,2.169767166960746,2.042028975265018,2.877095730202943,3.0848459363957597,4.346361966184284,9.0,12.680457469251113,5.99,8.439548915646018
2013-05-01,1.0,1.54,2.1688689179923504,2.027156183745583,2.854958466780379,3.0933159010600706,4.356491371000446,9.0,12.675207962292955,5.99,8.43605507712609
2013-06-01,1.0,1.54,2.1637183849943,2.0117876325088337,2.8265856410152725,3.1020681978798588,4.358442851466744,9.0,12.645107444771881,5.99,8.41602151046484
2013-07-01,1.0,1.54,2.1594912838127955,1.9969148409893993,2.800207917943521,3.1105381625441697,4.361805227260521,9.0,12.620403606698154,5.99,8.399579733791327
2013-08-01,1.0,1.54,2.1543482283599484,1.9815462897526501,2.7720394407414615,3.1192904593639574,4.363660957708332,9.0,12.59034678911658,5.99,8.37957525186759
2013-09-01,1.0,1.54,2.153536464220875,1.966177738515901,2.7495035422294345,3.1280427561837456,4.37425593317121,9.0,12.585602712979139,5.99,8.376417805638338
2013-10-01,1.0,1.54,2.152384441239531,1.9513049469964665,2.7272457194993005,3.1365127208480565,4.383754013054043,9.0,12.578870111140118,5.99,8.371936885081034
2013-11-01,1.0,1.54,2.1484217001281505,1.9359363957597173,2.700784261505231,3.1452650176678443,4.387893257539965,9.0,12.555711234515165,5.99,8.356523366082872
2013-12-01,1.0,1.54,2.142755891086789,1.9210636042402827,2.6729677630768087,3.153734982332155,4.3881066313757895,9.0,12.522599363494221,5.99,8.334485576370044
2014-01-01,1.0,1.54,2.13757403692496,1.9056950530035337,2.6451716023355125,3.1624872791519434,4.389643311701723,9.0,12.492315800210804,5.99,8.314330182584747
2014-02-01,1.0,1.54,2.1352236284053716,1.8903265017667845,2.62095442335929,3.1712395759717316,4.396951736330567,9.0,12.478579646524897,5.99,8.305188009187127
2014-03-01,1.0,1.54,2.130872269391767,1.8764452296819787,2.596405912312853,3.1791448763250885,4.39892964762341,9.0,12.453149626315524,5.99,8.288262917958887
2014-04-01,1.0,1.54,2.1269073193835957,1.8610766784452297,2.5703490969605647,3.187897173144876,4.402832357794877,9.0,12.42997784055348,5.99,8.272840807212818
2014-05-01,1.0,1.54,2.1228674900176436,1.846203886925795,2.544965072401935,3.196367137809187,4.406145378581733,9.0,12.406368448155058,5.99,8.257127444938757
2014-06-01,1.0,1.54,2.120066601751036,1.8308353356890459,2.520449901623372,3.2051194346289753,4.412380953233801,9.0,12.38999962062294,5.99,8.246233080836824
2014-07-01,1.0,1.54,2.117683180489941,1.8159625441696114,2.497164504017992,3.2135893992932862,4.419067675249458,9.0,12.376070535330825,5.99,8.23696250073685
2014-08-01,1.0,1.54,2.118022066874421,1.8005939929328623,2.476427149683979,3.222341696113074,4.4318122203747015,9.0,12.378051040175189,5.99,8.23828063673882
2014-09-01,1.0,1.54,2.1178704464011253,1.785225441696113,2.4551144176179176,3.231093992932862,4.443531478686179,9.0,12.377164946500084,5.99,8.237690892170612
2014-10-01,1.0,1.54,2.1182896853809545,1.7703526501766786,2.4351427002312307,3.239563957597173,4.4560616340973995,9.0,12.379615044434148,5.99,8.239321568462284
2014-11-01,1.0,1.54,2.1222852272103907,1.7549840989399295,2.4185563812787993,3.2483162544169613,4.476528311725004,9.0,12.402965613567218,5.99,8.254862669474182
2014-12-01,1.0,1.54,2.128851903899226,1.7401113074204946,2.405480045323826,3.256786219081272,4.502088014989565,9.0,12.441342295514959,5.99,8.28040448334829
2015-01-01,1.0,1.54,2.1425003088431374,1.7247427561837456,2.3995207063627526,3.26553851590106,4.5431281031540145,9.0,12.521105701031322,5.99,8.333491461019737
2015-02-01,1.0,1.54,2.1370835634948286,1.7093742049469967,2.372126959256018,3.274290812720848,4.543787712966136,9.0,12.4894493970477,5.99,8.312422432035081
2015-03-01,1.0,1.54,2.131341831372682,1.6954929328621908,2.3465422159778844,3.282196113074205,4.54252069776875,9.0,12.45589381971048,5.99,8.29008933111842
2015-04-01,1.0,1.54,2.129122266342678,1.6801243816254416,2.3228507994441236,3.2909484098939927,4.549890608370344,9.0,12.442922335768895,5.99,8.281456087917299
2015-05-01,1.0,1.54,2.1221240416707103,1.6652515901060072,2.2947210615547644,3.2994183745583037,4.5466071793378395,9.0,12.402023620153502,5.99,8.254235720524386
2015-06-01,1.0,1.54,2.116266383906218,1.649883038869258,2.2672675406078224,3.308170671378092,4.546084664975272,9.0,12.367790555296079,5.99,8.231451714024834
2015-07-01,1.0,1.54,2.1129146256417153,1.6350102473498234,2.243270821233455,3.316640636042403,4.550505524604957,9.0,12.348202357646388,5.99,8.218414680255764
2015-08-01,1.0,1.54,2.1129235022034765,1.6196416961130742,2.222194159003906,3.325392932862191,4.562533040198617,9.0,12.34825423365668,5.99,8.218449206622612
2015-09-01,1.0,1.54,2.117683180489941,1.6042731448763252,2.206066399880712,3.3341452296819787,4.58484628195344,9.0,12.376070535330825,5.99,8.23696250073685
2015-10-01,1.0,1.54,2.1155898423862065,1.5894003533568906,2.183454053926549,3.3426151943462896,4.5919498390680555,9.0,12.36383674121809,5.99,8.228820231099595
2015-11-01,1.0,1.54,2.1130655373355687,1.5740318021201414,2.1597612699547204,3.351367491166078,4.598479966577795,9.0,12.349084309103972,5.99,8.219001667948088
2015-12-01,1.0,1.54,2.1153406992736405,1.5591590106007067,2.141657475170712,3.3598374558303887,4.615065528092223,9.0,12.362380710040755,5.99,8.227851161460459
2016-01-01,1.0,1.54,2.1163109083870535,1.5437904593639578,2.121519863257016,3.3685897526501765,4.629209895723647,9.0,12.368050763300962,5.99,8.231624896908086
2016-02-01,1.0,1.54,2.1191286614757137,1.5284219081272086,2.103196540480369,3.3773420494699646,4.647417101713591,9.0,12.384518151481444,5.99,8.242584858597095
2016-03-01,1.0,1.54,2.1125063844086025,1.5140448763250884,2.0769022516349884,3.3855296819787988,4.644125368691583,9.0,12.345816532258064,5.99,8.21682678091398
2016-04-01,1.0,1.54,2.104445002343175,1.4986763250883393,2.047975261339085,3.3942819787985865,4.638363471965057,9.0,12.298704559148424,5.99,8.185471145477674
2016-05-01,1.0,1.54,2.0994816265022527,1.4838035335689046,2.0228689974461256,3.4027519434628974,4.63897089925012,9.0,12.269697817220957,5.99,8.166165547239281
2016-06-01,1.0,1.54,2.0936696888711275,1.4684349823321556,1.99637520297847,3.411504240282685,4.6380279359319365,9.0,12.235731947948148,5.99,8.14355937424549
2016-07-01,1.0,1.54,2.09472480331194,1.453562190812721,1.9771511521115903,3.4199742049469966,4.651886229733445,9.0,12.241898201173674,5.99,8.1476633583367
2016-08-01,1.0,1.54,2.090858342513875,1.4381936395759718,1.9526358243232556,3.4287265017667843,4.655182734037334,9.0,12.219302001704463,5.99,8.132624332245527
2016-09-01,1.0,1.54,2.085387932464259,1.4228250883392226,1.9267157592402648,3.4374787985865725,4.654855067970245,9.0,12.18733207284307,5.99,8.11134656848111
2016-10-01,1.0,1.54,2.080513938471339,1.4079522968197882,1.9021197261274712,3.4459487632508834,4.655418463117881,9.0,12.15884769236497,5.99,8.092388630807353
2016-11-01,1.0,1.54,2.0780640096518557,1.392583745583039,1.8791416637157725,3.454701060070671,4.661746712362971,9.0,12.14452992653682,5.99,8.082859362217283
2016-12-01,1.0,1.54,2.0728311016044545,1.3777109540636043,1.854390983509211,3.463171024734982,4.661408188471455,9.0,12.113947996389669,5.99,8.062505388708235
2017-01-01,1.0,1.54,2.0644842335131233,1.3623424028268551,1.8263210462872899,3.4719233215547702,4.654370751504114,9.0,12.065167598453318,5.99,8.030039323859485
2017-02-01,1.0,1.54,2.0612014458660854,1.3469738515901062,1.8028470457411279,3.4806756183745584,4.658684167002903,9.0,12.04598247584076,5.99,8.017270558920684
2017-03-01,1.0,1.54,2.062164892657406,1.3330925795053004,1.785101763712943,3.488580918727915,4.671447464802094,9.0,12.051613009036787,5.99,8.02101799157004
2017-04-01,1.0,1.54,2.059623003116388,1.3177240282685514,1.7623472210266866,3.497333215547703,4.677394766431852,9.0,12.036757810420447,5.99,8.011131031602053
2017-05-01,1.0,1.54,2.06121834068294,1.3028512367491167,1.7438057560835913,3.505803180212014,4.692354424595832,9.0,12.046081211783415,5.99,8.01733627317585
2017-06-01,1.0,1.54,2.059876066398267,1.2874826855123676,1.7221134868760342,3.514555477031802,4.7010056566017875,9.0,12.038236751678182,5.99,8.012115349172479
2017-07-01,1.0,1.54,2.0592013691282864,1.272609893992933,1.7016623610886044,3.523025441696113,4.710791437022352,9.0,12.03429371568479,5.99,8.009491039661322
2017-08-01,1.0,1.54,2.0513066566605356,1.257241342756184,1.6746672307951882,3.531777738515901,4.704389081079974,9.0,11.988155785678455,5.99,7.978783684023771
2017-09-01,1.0,1.54,2.0408851015480756,1.2418727915194347,1.6457919988506062,3.540530035335689,4.692087662792265,9.0,11.92725059346278,5.99,7.93824789498245
2017-10-01,1.0,1.54,2.039304533990739,1.227,1.6248225085757384,3.549,4.699669994242294,9.0,11.918013510335488,5.99,7.932100102989953
2017-11-01,1.0,1.54,2.0338781320263344,1.2617065217391306,1.6663359114287186,3.6578369565217392,4.830905582069693,9.196445652173914,12.14574656125012,5.99,7.910993513531002
2017-12-01,1.0,1.54,2.029601985432094,1.2952934782608696,1.7070975423347428,3.7631630434782606,4.959560509446857,9.386554347826086,12.370759312152,5.99,7.894360969310548
2018-01-01,1.0,1.54,2.0210059511610994,1.33,1.745414230548222,3.872,5.0813863914907635,9.583,12.576168850634295,5.99,7.86092574510064
2018-02-01,1.0,1.54,2.0155794316492273,1.3136082191780822,1.719273836247216,3.753435616438356,4.9125633938394735,9.27537808219178,12.139780054049226,5.99,7.839818698427838
2018-03-01,1.0,1.54,2.015191784499373,1.2988027397260276,1.6995692277799794,3.646345205479452,4.771483702292772,8.99752602739726,11.773857487811844,5.99,7.838310902046263
2018-04-01,1.0,1.54,2.0099570390085804,1.2824109589041097,1.6737603465915964,3.527780821917808,4.6043427890215405,8.689904109589042,11.34177528141434,5.99,7.817949781598309
2018-05-01,1.0,1.54,2.0054288813040286,1.2665479452054795,1.6493323564099618,3.413041095890411,4.444552718685833,8.392205479452056,10.928552757357842,5.99,7.800337012344891
2018-06-01,1.0,1.54,2.003623325817272,1.2501561643835617,1.626520812904647,3.294476712328767,4.286292459210205,8.084583561643836,10.518480651706799,5.99,7.793314104964585
2018-07-01,1.0,1.54,2.002060076269635,1.2342931506849315,1.604629246363222,3.1797369863013696,4.133782125527207,7.786884931506849,10.12325418173732,5.99,7.787233673282541
2018-08-01,1.0,1.54,1.9984881369132532,1.2179013698630137,1.5804944412997617,3.061172602739726,3.9725435919605254,7.479263013698631,9.70598597774726,5.99,7.7733402208509
2018-09-01,1.0,1.54,1.9943751734858162,1.2015095890410958,1.55601356823942,2.9426082191780822,3.8108212841714777,7.171641095890411,9.28762529532107,5.99,7.757342395571453
2018-10-01,1.0,1.54,1.989720063931132,1.1856465753424659,1.5318862205780122,2.8278684931506852,3.6536796616757243,6.873942465753425,8.88131249507651,5.99,7.7392358330827795
2018-11-01,1.0,1.54,1.9911221960933358,1.169254794520548,1.5117721910768933,2.7093041095890413,3.502958148421839,6.566320547945206,8.489835447842502,5.99,7.744689580908495
2018-12-01,1.0,1.54,1.989759422709452,1.1533917808219178,1.4902416649130168,2.594564383561644,3.3523109935182607,6.26862191780822,8.099382810624611,5.99,7.739388923395856
2019-01-01,1.0,1.54,1.991382359113244,1.137,1.470260871631012,2.476,3.2017290397171374,5.961,7.708201456281849,5.99,7.745701513693722
2019-02-01,1.0,1.54,1.985423596335056,1.137,1.465861447423999,2.428359937402191,3.1307292987746944,5.815411580594679,7.497438554878454,5.99,7.7225242480824585
2019-03-01,1.0,1.54,1.9779434239038531,1.137,1.4603387486874553,2.3853302034428796,3.0636676556747298,5.683912363067293,7.300296805568028,5.99,7.693429291677974
2019-04-01,1.0,1.54,1.9705348446321598,1.137,1.4548689080173802,2.3376901408450705,2.9912336873300474,5.538323943661972,7.086662540160074,5.99,7.6646128047705435
2019-05-01,1.0,1.54,1.9700485710704438,1.137,1.4545098865630486,2.291586854460094,2.931517797475923,5.397431924882629,6.904677305886376,5.99,7.662721390072701
2019-06-01,1.0,1.54,1.9706892673962535,1.137,1.454982920149052,2.243946791862285,2.8715077008644543,5.251843505477309,6.720617941746006,5.99,7.665213449158155
2019-07-01,1.0,1.54,1.966151632903574,1.137,1.4516327315658206,2.1978435054773082,2.8060348033511198,5.1109514866979655,6.525263383936464,5.99,7.647563818891174
2019-08-01,1.0,1.54,1.964354700120296,1.137,1.4503060350888157,2.150203442879499,2.742702752750121,4.965363067292645,6.333593687688335,5.99,7.640574450467904
2019-09-01,1.0,1.54,1.9613365050891085,1.137,1.448077666419686,2.10256338028169,2.6778144883182025,4.819774647887324,6.13844153454832,5.99,7.628834847716727
2019-10-01,1.0,1.54,1.955806886897008,1.137,1.4439950846765572,2.0564600938967135,2.611713515761078,4.6788826291079815,5.942201862981928,5.99,7.607326787346155
2019-11-01,1.0,1.54,1.950315923359405,1.137,1.4399410421166516,2.0088200312989044,2.5440478533802544,4.53329420970266,5.741140183413044,5.99,7.585969078521322
2019-12-01,1.0,1.54,1.9446526698372195,1.137,1.4357597958473498,1.962716744913928,2.478443089695511,4.392402190923318,5.546556264660962,5.99,7.563941228782432
2020-01-01,1.0,1.54,1.9409228679373436,1.137,1.4330060395095843,1.915076682316119,2.4136468354291782,4.2468137715179965,5.352427250006829,5.99,7.5494337525614865
2020-02-01,1.0,1.54,1.940002005785921,1.137,1.4323261562198653,1.8674366197183099,2.3524875246309103,4.101225352112676,5.166484031999132,5.99,7.545851957569914
2020-03-01,1.0,1.54,1.94882716719106,1.137,1.4388418760365163,1.822870109546166,2.306791423210462,3.9650297339593115,5.017634846922238,5.99,7.580178397061331
2020-04-01,1.0,1.54,1.9643853893263346,1.137,1.4503286932883392,1.7752300469483568,2.2644389395574382,3.8194413145539907,4.871983580324174,5.99,7.640693819522561
2020-05-01,1.0,1.54,1.966151632903574,1.137,1.4516327315658206,1.7291267605633802,2.2076138985577645,3.6785492957746477,4.696484223768581,5.99,7.647563818891174
2020-06-01,1.0,1.54,1.9566666926027656,1.137,1.444629889278795,1.6814866979655712,2.136434425950545,3.532960876369327,4.48884861887048,5.99,7.610671096552315
2020-07-01,1.0,1.54,1.9467452158295664,1.137,1.4373047470118292,1.6353834115805945,2.06732131983218,3.392068857589984,4.2879830001803665,5.99,7.572080417415002
2020-08-01,1.0,1.54,1.9395082447670027,1.137,1.431961606688365,1.5877433489827855,1.9996372181338213,3.2464804381846633,4.088685439177887,5.99,7.543931419580744
2020-09-01,1.0,1.54,1.934428166478844,1.137,1.428210925510679,1.5401032863849764,1.9345579067985272,3.1008920187793425,3.895099261257276,5.99,7.524171894291088
2020-10-01,1.0,1.54,1.9320353873516725,1.137,1.4264443087135399,1.494,1.8743252394177912,2.96,3.713522562701916,5.99,7.5148649157379985
2020-11-01,1.0,1.54,1.9276516513293807,1.137,1.4232077451698089,1.5712089201877935,1.9667165386905539,2.9841596244131456,3.735337810279522,5.99,7.497813890560383
2020-12-01,1.0,1.54,1.9193097368772538,1.137,1.4170488122269076,1.6459272300469483,2.0513273758574777,3.007539906103286,3.748312094695415,5.99,7.46536709343815
2021-01-01,1.0,1.54,1.914618995230065,1.137,1.4135855828419375,1.7231361502347418,2.142304678316262,3.031699530516432,3.7691879928291105,5.99,7.447121935992266
2021-02-01,1.0,1.54,1.9081395710583924,1.137,1.4088017482424624,1.8003450704225352,2.2307205652163296,3.0558591549295775,3.7863673877286916,5.99,7.421919500415435
2021-03-01,1.0,1.54,1.898186978460981,1.137,1.4014536327987892,1.8700821596244133,2.3050426000332798,3.077680751173709,3.7935152764532107,5.99,7.383207792844985
2021-04-01,1.0,1.54,1.8864182676078527,1.137,1.392764656019564,1.9472910798122065,2.385328224225693,3.101840375586854,3.7995898361757434,5.99,7.337432092838337
2021-05-01,1.0,1.54,1.8739842687502566,1.137,1.3835844893305465,2.0220093896713616,2.4605284334476876,3.125220657276995,3.802996329941835,5.99,7.289068681697426
2021-06-01,1.0,1.54,1.8582600663577853,1.137,1.3719751269148064,2.099218309859155,2.5330477634924358,3.149380281690141,3.800238708597027,5.99,7.227907660703334
2021-07-01,1.0,1.54,1.8497240560052666,1.137,1.3656728906999922,2.17393661971831,2.6111577024180073,3.1727605633802813,3.8108646350839797,5.99,7.1947059061503555
2021-08-01,1.0,1.54,1.8444803356364334,1.137,1.3618013906614446,2.251145539906103,2.6962296629951097,3.196920187793427,3.8289976759637074,5.99,7.17430987692353
2021-09-01,1.0,1.54,1.8361707130079223,1.137,1.3556662991493555,2.328354460093897,2.7761404344972638,3.2210798122065727,3.8405535165160822,5.99,7.141988682413931
2021-10-01,1.0,1.54,1.8186422708371,1.137,1.342724845416742,2.403072769953052,2.8378764411261157,3.2444600938967136,3.831501475847188,5.99,7.073809871632616
2021-11-01,1.0,1.54,1.8031956231020478,1.137,1.3313204048487197,2.480281690140845,2.904177329689689,3.268619718309859,3.8272472530138866,5.99,7.013728430117705
2021-12-01,1.0,1.54,1.790829532304296,1.137,1.3221903754740159,2.555,2.971148996777582,3.292,3.828188844380352,5.99,6.9656291548719045
2022-01-01,1.0,1.54,1.7800671756157471,1.137,1.314244401737081,2.448489552238806,2.830179144011946,3.1817880597014923,3.677789925221262,5.99,6.923767780479432
2022-02-01,1.0,1.54,1.7678225659050968,1.137,1.3052040632688928,2.341979104477612,2.688443837515411,3.0715761194029847,3.5259750498544187,5.99,6.876141019332162
2022-03-01,1.0,1.54,1.7483176095163278,1.137,1.2908033259870548,2.245776119402985,2.549564893885378,2.9720298507462686,3.3740598208233017,5.99,6.800274338313509
2022-04-01,1.0,1.54,1.7429435024137014,1.137,1.2868355598989472,2.139265671641791,2.421181300210872,2.861817910447761,3.238952553315637,5.99,6.779371155492254
2022-05-01,1.0,1.54,1.726567020714183,1.137,1.27474461204677,2.0361910447761193,2.282870328431171,2.7551611940298506,3.0889418534827597,5.99,6.715673022128542
2022-06-01,1.0,1.54,1.7051486148828474,1.137,1.258931152676492,1.9296805970149253,2.1366183098482505,2.644949253731343,2.92859191976326,5.99,6.632363768278089
2022-07-01,1.0,1.54,1.705403017160993,1.137,1.25911898085198,1.8266059701492536,2.0227917744524806,2.5382925373134326,2.810916721799715,5.99,6.633353294022305
2022-08-01,1.0,1.54,1.704339657807433,1.137,1.258333890212371,1.7200955223880596,1.9036539052097166,2.428080597014925,2.68719094405538,5.99,6.6292172404328085
2022-09-01,1.0,1.54,1.6971392513556653,1.137,1.253017745968436,1.6135850746268656,1.7782328347733207,2.317868656716418,2.5543804394808203,5.99,6.601210464688594
2022-10-01,1.0,1.54,1.6876970004060308,1.137,1.2460464217283487,1.510510447761194,1.655379189460089,2.211211940298507,2.423282960327136,5.99,6.564483787293588
2022-11-01,1.0,1.54,1.68329680774869,1.137,1.2427977080586108,1.404,1.5346420247267276,2.101,2.296497787714284,5.99,6.547368752217308
2022-12-01,1.0,1.54,1.6830376934197142,1.137,1.2426064009209188,1.3360529801324503,1.46014774413549,2.0113973509933776,2.1982191936145568,5.99,6.546360898431226
2023-01-01,1.0,1.54,1.6741412688902204,1.137,1.2360380667066106,1.265841059602649,1.376101790738,1.9188079470198676,2.0859451760912204,5.99,6.511757273150922
2023-02-01,1.0,1.54,1.6684210316802124,1.137,1.2318147487145465,1.1956291390728477,1.29533298812912,1.8262185430463576,1.9785074192616483,5.99,6.489507779067839
2023-03-01,1.0,1.54,1.6663701995553657,1.137,1.230300595386007,1.1322119205298014,1.2251196129559798,1.74258940397351,1.8855838005470151,5.99,6.481530841127689
2023-04-01,1.0,1.54,1.6607357559147418,1.137,1.226140619789001,1.062,1.1452606316762701,1.65,1.7793597384800803,5.99,6.459615050603444
2023-05-01,1.0,1.54,1.6580585097615173,1.137,1.2241639776615878,1.0605981308411216,1.1419050365443382,1.659392523364486,1.786603827531898,5.99,6.449201606150317
2023-06-01,1.0,1.54,1.654349865466722,1.137,1.2214258422309499,1.0591495327102805,1.1377947317846713,1.6690981308411215,1.7930339403946534,5.99,6.434776424769912
2023-07-01,1.0,1.54,1.6511183845519997,1.137,1.2190400021010543,1.0577476635514018,1.1340692295497679,1.6784906542056075,1.7996018035438908,5.99,6.42220722303018
2023-08-01,1.0,1.54,1.643172483190779,1.137,1.2131734502518934,1.0562990654205608,1.1270659469605209,1.688196261682243,1.8012971710531178,5.99,6.391300762540757
2023-09-01,1.0,1.54,1.6367875135057735,1.137,1.208459352503938,1.0548504672897197,1.1211468009581451,1.6979018691588785,1.8046133627255623,5.99,6.366465718116612
2023-10-01,1.0,1.54,1.634553325360096,1.137,1.2068098252820967,1.0534485981308412,1.118128512448505,1.7072943925233646,1.8121193030309806,5.99,6.35777559669284
2023-11-01,1.0,1.54,1.6321557173825563,1.137,1.20503964328829,1.052,1.1149531264197723,1.717,1.819747640744058,5.99,6.34844983579319
2023-12-01,1.0,1.54,1.629020829756981,1.137,1.2027251191127841,1.0373284671532848,1.0972920001899877,1.745029197080292,1.8459018899856465,5.99,6.336256344314491
2024-01-01,1.0,1.54,1.62398698086523,1.137,1.1990085696388095,1.022167883211679,1.0779138536326869,1.773992700729927,1.870740941646331,5.99,6.316676633365408
2024-02-01,1.0,1.54,1.6173597841571616,1.137,1.1941156328485019,1.007007299270073,1.057592927397488,1.8029562043795622,1.8935252321819116,5.99,6.290899420195713
2024-03-01,1.0,1.54,1.6102243352702938,1.137,1.1888474475339768,0.9928248175182482,1.038097845342969,1.830051094890511,1.913501823234251,5.99,6.263145304070819
2024-04-01,1.0,1.54,1.6067366295767402,1.137,1.1862724336550348,0.9776642335766423,1.0200317763082216,1.859014598540146,1.9395758768781501,5.99,6.249579487769269
2024-05-01,1.0,1.54,1.6059567973177935,1.137,1.185696674383332,0.962992700729927,1.0042368009770428,1.887043795620438,1.9678641626058515,5.99,6.246546244112716
2024-06-01,1.0,1.54,1.6066288445074814,1.137,1.1861928546785756,0.9478321167883212,0.9888405315472083,1.9160072992700732,1.9989042813598559,5.99,6.249160245844036
2024-07-01,1.0,1.54,1.6039389097774335,1.137,1.1842068444265856,0.9331605839416058,0.9719042660094627,1.9440364963503651,2.0247505055349,5.99,6.238697447770667
2024-08-01,1.0,1.54,1.6014211206704407,1.137,1.182347931300189,0.918,0.9546133693347173,1.973,2.0516908253784285,5.99,6.22890422910126
2024-09-01,1.0,1.54,1.598012022927443,1.137,1.1798309545899368,0.8836967213114755,0.9169857047255193,1.843409836065574,1.9128513514386323,5.99,6.215644167100899
2024-10-01,1.0,1.54,1.5934604649099744,1.137,1.176470486105611,0.8505,0.8800247567570996,1.718,1.7776396615034649,5.99,6.197940379747238
2024-11-01,1.0,1.54,1.5889448010918465,1.137,1.173136518728201,0.8161967213114755,0.842137361685766,1.5884098360655738,1.638893214947757,5.99,6.180376206844261
2024-12-01,1.0,1.54,1.5835616679890685,1.137,1.1691620886386824,0.783,0.8051485623606758,1.463,1.5043835845896152,5.99,6.159437916399039
2025-01-01,1.0,1.54,1.5768245020551102,1.137,1.1641879602835457,0.9504452554744526,0.9731723160351595,1.9956569343065693,2.0433771115005093,5.99,6.133232965785786
2025-02-01,1.0,1.54,1.573282949458676,1.137,1.1615731906068276,1.117890510948905,1.1420507014529608,2.5283138686131386,2.582956558681139,5.99,6.119457706011344
2025-03-01,1.0,1.54,1.5727614490986133,1.137,1.1611881607955346,1.2691313868613139,1.2961304669458005,3.0094233576642337,3.073444831786503,5.99,6.117429272792658
2025-04-01,1.0,1.54,1.5702228521832522,1.137,1.1593138850210116,1.4365766423357664,1.4647697874729266,3.542080291970803,3.611594427740572,5.99,6.107555119855637
2025-05-01,1.0,1.54,1.568665460669952,1.137,1.1581640446634645,1.5986204379562043,1.628377055677253,4.0575547445255475,4.133081806827739,5.99,6.101497473644813
2025-06-01,1.0,1.54,1.5646881017935197,1.137,1.1552275141163844,1.766065693430657,1.7943779074653705,4.590211678832117,4.663798440637837,5.99,6.086027097235833
2025-07-01,1.0,1.54,1.561123261393865,1.137,1.1525955507823535,1.9281094890510948,1.9545562167999375,5.105686131386861,5.175717782522131,5.99,6.072161256980033
2025-08-01,1.0,1.54,1.5557052933734623,1.137,1.1485954016659914,2.0955547445255474,2.116925719878096,5.638343065693431,5.695844255295341,5.99,6.051087472277298
2025-09-01,1.0,1.54,1.551128066739657,1.137,1.1452159817422012,2.263,2.2793524772934046,6.171,6.215591753149625,11.310819672131148,11.392551851476407
2025-10-01,1.0,1.54,1.5492059463271237,1.137,1.1437968577752855,2.795622950819672,2.812334869544426,8.58083606557377,8.632131335873458,16.46,16.558396023730168
2025-11-01,1.0,1.54,1.5472247533555037,1.137,1.1423341198475374,3.346,3.3616974186542308,11.071,11.122938470388817,21.780819672131145,21.883002172138838
2025-12-01,1.0,1.54,1.5426309768089537,1.137,1.1389424809297275,3.576,3.5821093331615703,17.05,17.079128671813418,26.93,26.976007925626703
2026-01-01,1.0,1.54,1.54,1.137,1.137,4.8195,4.8195,29.7,29.7,32.4985,32.4985
2026-02-01,1.0,1.54,1.54,1.137,1.137,4.8195,4.8195,29.7,29.7,38.067,38.067
