날짜,시가,고가,저가,종가,거래량,등락률
2021-03-02,149000,150500,141000,144500,9376523,2.1201413427561837
2021-03-03,142500,147000,139500,147000,5827221,1.7301038062283738
2021-03-04,143000,145500,139500,142000,6586562,-3.4013605442176873
2021-03-05,138000,141500,136500,140000,6091444,-1.4084507042253522
2021-03-08,143000,143000,135500,135500,5587787,-3.214285714285714
2021-03-09,134000,137500,130500,136500,7822152,0.7380073800738007
2021-03-10,140500,140500,132500,133000,5614476,-2.564102564102564
2021-03-11,134500,139000,134000,137000,6707671,3.007518796992481
2021-03-12,140500,142500,139500,140000,4548695,2.18978102189781
2021-03-15,141500,142000,136000,136500,4289990,-2.5
2021-03-16,138500,140500,138000,140500,3304561,2.93040293040293
2021-03-17,141000,141000,138500,140000,2588319,-0.3558718861209964
2021-03-18,142500,145000,141000,142000,4426840,1.4285714285714286
2021-03-19,138000,139500,137000,138000,4015627,-2.8169014084507045
2021-03-22,138500,140000,137000,138000,2727719,0.0
2021-03-23,139000,139500,134000,135000,3839090,-2.1739130434782608
2021-03-24,133000,134500,131500,133500,3894080,-1.1111111111111112
2021-03-25,133000,134500,130500,133000,4157799,-0.37453183520599254
2021-03-26,134000,135000,132000,135000,3835443,1.5037593984962405
2021-03-29,135500,135500,131500,132000,3575226,-2.2222222222222223
2021-03-30,133000,135500,132000,134500,3304184,1.893939393939394
2021-03-31,134500,135000,132000,132500,3309680,-1.486988847583643
2021-04-01,138000,140500,136500,140500,5833436,6.037735849056604
2021-04-02,142000,143000,140000,141000,3432245,0.3558718861209964
2021-04-05,142000,144500,141000,143000,2616440,1.4184397163120568
2021-04-06,147000,147000,141500,143000,3753217,0.0
2021-04-07,146000,146000,142500,143500,2424687,0.34965034965034963
2021-04-08,143500,146000,142500,144000,3774932,0.34843205574912894
2021-04-09,144000,145000,139500,140000,3276077,-2.7777777777777777
2021-04-12,140500,140500,136000,137500,3878457,-1.7857142857142856
2021-04-13,136000,140000,135500,139500,2876178,1.4545454545454546
2021-04-14,139000,139000,136500,137000,2777203,-1.7921146953405016
2021-04-15,136000,139000,136000,137500,2291160,0.36496350364963503
2021-04-16,138500,139000,137500,137500,1982877,0.0
2021-04-19,138000,139000,137000,138000,1906782,0.36363636363636365
2021-04-20,136500,138500,136500,138500,2167732,0.36231884057971014
2021-04-21,138000,138000,132000,132500,5120577,-4.332129963898916
2021-04-22,134500,135500,133000,133000,3007457,0.37735849056603776
2021-04-23,130500,132500,128500,132500,4854412,-0.37593984962406013
2021-04-26,132500,132500,130500,131500,2904879,-0.7547169811320755
2021-04-27,133000,136000,132500,135000,3394650,2.6615969581749046
2021-04-28,134500,135000,130000,130000,5596760,-3.7037037037037033
2021-04-29,132000,133000,129000,130000,3738266,0.0
2021-04-30,130000,130500,126500,128000,3955947,-1.5384615384615385
2021-05-03,127500,132500,127000,131500,4085398,2.734375
2021-05-04,130500,132000,129000,132000,2547004,0.38022813688212925
2021-05-06,130000,130500,128000,129000,4211535,-2.272727272727273
2021-05-07,128000,131000,127000,129500,3450323,0.3875968992248062
2021-05-10,131000,131000,128500,130000,3067077,0.3861003861003861
2021-05-11,127000,127500,122000,123000,9882491,-5.384615384615385
2021-05-12,123000,123500,119000,119500,8272196,-2.8455284552845526
2021-05-13,116000,118500,115500,117500,6042025,-1.6736401673640167
2021-05-14,118500,120000,118000,118500,3227201,0.851063829787234
2021-05-17,120000,120000,117000,117500,3110127,-0.8438818565400843
2021-05-18,117500,122000,117500,121000,3470048,2.9787234042553195
2021-05-20,121000,124000,119500,122500,4600751,1.2396694214876034
2021-05-21,124500,125500,121000,122500,4062695,0.0
2021-05-24,122000,122500,119000,119500,3188734,-2.4489795918367347
2021-05-25,121500,123000,120500,123000,3258364,2.928870292887029
2021-05-26,124000,124500,122000,123000,3015522,0.0
2021-05-27,124500,126000,123000,125500,4539067,2.0325203252032518
2021-05-28,126500,126500,124000,125000,2332971,-0.398406374501992
2021-05-31,126000,127000,124000,127000,2448074,1.6
2021-06-01,127000,129000,126000,128500,2819179,1.1811023622047243
2021-06-02,128500,129000,125500,126000,2885654,-1.9455252918287937
2021-06-03,127000,130000,126500,129000,3353993,2.380952380952381
2021-06-04,127500,129000,126500,128500,2555891,-0.3875968992248062
2021-06-07,129500,130000,128000,128500,2562918,0.0
2021-06-08,127000,127500,125000,127500,4194955,-0.7782101167315175
2021-06-09,125500,126000,122500,122500,6087592,-3.9215686274509802
2021-06-10,122500,124000,120500,123000,4533076,0.40816326530612246
2021-06-11,124500,128500,124000,128000,4868608,4.0650406504065035
2021-06-14,127000,127500,125500,127000,2022730,-0.78125
2021-06-15,128500,129500,128000,128500,1975082,1.1811023622047243
2021-06-16,128000,129500,127000,129500,1893752,0.7782101167315175
2021-06-17,127000,128000,126000,126500,2123793,-2.3166023166023164
2021-06-18,127500,127500,124500,124500,2506112,-1.5810276679841897
2021-06-21,121000,123000,120500,122000,3275288,-2.0080321285140563
2021-06-22,122500,123500,122000,122000,2179712,0.0
2021-06-23,122500,124500,122000,124000,2703658,1.639344262295082
2021-06-24,124000,126500,123500,126000,2646407,1.6129032258064515
2021-06-25,128000,129000,127500,128500,2531018,1.984126984126984
2021-06-28,129000,129500,126000,126000,2402730,-1.9455252918287937
2021-06-29,127500,128000,125000,125000,2211572,-0.7936507936507936
2021-06-30,126500,129500,126000,127500,4346027,2.0
2021-07-01,127500,128000,124000,124500,3336174,-2.3529411764705883
2021-07-02,122500,123500,121500,122500,3983921,-1.6064257028112447
2021-07-05,123500,124500,122500,123000,1632551,0.40816326530612246
2021-07-06,124000,126000,123500,125000,2067135,1.6260162601626018
2021-07-07,125000,125500,122500,123500,2229140,-1.2
2021-07-08,123500,123500,121000,121500,3165552,-1.6194331983805668
2021-07-09,120500,120500,118000,119500,4823577,-1.646090534979424
2021-07-12,121000,122000,119500,120000,2477201,0.41841004184100417
2021-07-13,121000,123500,121000,123000,2879072,2.5
2021-07-14,122500,124000,121500,123500,2443087,0.40650406504065045
2021-07-15,123500,124000,122500,123500,1500981,0.0
2021-07-16,122000,122500,120500,121500,2905546,-1.6194331983805668
2021-07-19,119000,120000,118500,119000,2066638,-2.05761316872428
2021-07-20,117500,119500,117500,118500,2070074,-0.42016806722689076
2021-07-21,119500,120000,116500,117000,2864601,-1.2658227848101267
2021-07-22,118000,120000,118000,119500,1919233,2.1367521367521367
2021-07-23,118500,119000,117500,118500,1747651,-0.8368200836820083
2021-07-26,119500,120000,117000,117000,1836657,-1.2658227848101267
2021-07-27,118000,119000,116000,116000,2916330,-0.8547008547008548
2021-07-28,115000,115500,112500,114000,6033084,-1.7241379310344827
2021-07-29,115000,115500,113000,114000,3054699,0.0
2021-07-30,114000,114000,112500,112500,2888566,-1.3157894736842104
2021-08-02,113500,117000,113000,116000,4276730,3.111111111111111
2021-08-03,118000,120500,117000,120000,4396423,3.4482758620689653
2021-08-04,122000,123000,120500,121000,4162635,0.8333333333333334
2021-08-05,121000,121500,118000,120000,3491584,-0.8264462809917356
2021-08-06,119000,119500,117500,118000,2209875,-1.6666666666666667
2021-08-09,117500,118000,116000,116000,2755724,-1.694915254237288
2021-08-10,115000,115500,112000,112500,5420223,-3.0172413793103448
2021-08-11,109000,110000,105000,105500,13715267,-6.222222222222222
2021-08-12,102000,104000,99800,100500,19150647,-4.739336492890995
2021-08-13,99600,101500,98900,101500,11622957,0.9950248756218906
2021-08-17,101000,103500,100500,101500,7851717,0.0
2021-08-18,103000,105500,101500,104000,8047599,2.4630541871921183
2021-08-19,103000,105500,101500,102500,6161038,-1.4423076923076923
2021-08-20,104000,104500,102000,102500,4719139,0.0
2021-08-23,104500,105000,103000,103000,4515699,0.4878048780487805
2021-08-24,104500,105500,104000,105000,4454743,1.9417475728155338
2021-08-25,106000,106000,102500,103500,3194555,-1.4285714285714286
2021-08-26,106000,106500,103500,104000,3694741,0.4830917874396135
2021-08-27,103500,104500,101000,103500,3507782,-0.4807692307692308
2021-08-30,105000,105500,103500,103500,1815758,0.0
2021-08-31,103500,106500,102000,106500,4979276,2.898550724637681
2021-09-01,106000,108000,104500,108000,4736183,1.4084507042253522
2021-09-02,108000,108500,106000,106500,2724565,-1.3888888888888888
2021-09-03,106500,107500,106000,107000,2513486,0.4694835680751174
2021-09-06,106500,107000,105000,106000,1888595,-0.9345794392523363
2021-09-07,105500,106000,104000,104500,2547667,-1.4150943396226416
2021-09-08,104000,107500,103500,106000,2891267,1.4354066985645932
2021-09-09,105000,106000,103000,103000,3233011,-2.8301886792452833
2021-09-10,103500,105500,103000,105000,1999369,1.9417475728155338
2021-09-13,105000,107000,104000,106500,1923344,1.4285714285714286
2021-09-14,107500,108500,106500,107500,2463248,0.9389671361502347
2021-09-15,107500,107500,105500,107500,2933797,0.0
2021-09-16,107000,107500,104000,104000,3602821,-3.255813953488372
2021-09-17,104500,107500,104000,107000,3386517,2.8846153846153846
2021-09-23,105500,107000,105000,105500,2493313,-1.4018691588785046
2021-09-24,106000,106500,104000,104000,2236954,-1.4218009478672986
2021-09-27,104000,105500,103500,104500,1839358,0.4807692307692308
2021-09-28,105000,105500,103000,103500,2951945,-0.9569377990430622
2021-09-29,101000,102000,99700,100000,6353977,-3.3816425120772946
2021-09-30,99900,103500,99600,103000,3910557,3.0
2021-10-01,102000,102500,100000,100000,2681124,-2.912621359223301
2021-10-05,98900,99500,97200,97900,3244145,-2.1
2021-10-06,98400,98700,95800,96500,2816951,-1.4300306435137897
2021-10-07,96300,96800,95000,95700,3834957,-0.8290155440414507
2021-10-08,96200,96300,93500,94000,4098832,-1.7763845350052248
2021-10-12,92400,92900,90800,91500,4728215,-2.6595744680851063
2021-10-13,90900,93500,90500,92000,3045438,0.546448087431694
2021-10-14,92400,94500,92100,93800,2414639,1.956521739130435
2021-10-15,96000,98500,95700,98400,4229748,4.904051172707889
2021-10-18,98300,98300,96700,97100,2111399,-1.321138211382114
2021-10-19,98600,98600,97100,97700,1400175,0.6179196704428425
2021-10-20,98200,98600,97200,97900,2010529,0.2047082906857728
2021-10-21,97300,98300,96100,96300,2152221,-1.634320735444331
2021-10-22,95500,99200,95500,98500,1962833,2.284527518172378
2021-10-25,99500,101500,98300,100000,2950459,1.5228426395939088
2021-10-26,101500,103500,101000,102000,3458645,2.0
2021-10-27,103000,104000,101500,101500,2859255,-0.49019607843137253
2021-10-28,102000,107500,101500,106500,6329703,4.926108374384237
2021-10-29,107000,108500,103000,103000,4007223,-3.286384976525822
2021-11-01,103500,107000,102500,106500,3118661,3.3980582524271843
2021-11-02,107000,108500,106500,107500,2892292,0.9389671361502347
2021-11-03,108500,109000,104500,105500,3116506,-1.8604651162790697
2021-11-04,107000,108000,105500,106000,2059242,0.47393364928909953
2021-11-05,108000,108500,105500,107000,2523345,0.9433962264150944
2021-11-08,107000,108000,104000,107500,2212348,0.46728971962616817
2021-11-09,108000,110000,107500,109000,3440686,1.3953488372093024
2021-11-10,108500,109500,107500,108500,2361295,-0.45871559633027525
2021-11-11,107500,108000,105500,107500,2731498,-0.9216589861751152
2021-11-12,109000,109500,105500,106500,1786165,-0.9302325581395349
2021-11-15,108500,111500,108000,111000,4701568,4.225352112676056
2021-11-16,111000,113000,109000,112000,3767311,0.9009009009009009
2021-11-17,113000,113000,110000,110500,3062491,-1.3392857142857142
2021-11-18,110000,111000,109000,110000,1928891,-0.4524886877828055
2021-11-19,110000,112500,110000,111500,2324668,1.3636363636363635
2021-11-22,116500,121000,116000,119500,9786492,7.174887892376682
2021-11-23,119500,121000,117500,119000,4847270,-0.41841004184100417
2021-11-24,120500,122500,118000,119500,4001111,0.42016806722689076
2021-11-25,120500,121000,117000,117500,3339835,-1.6736401673640167
2021-11-26,116500,118500,113000,115500,4337936,-1.702127659574468
2021-11-29,113000,118500,113000,116000,4412863,0.4329004329004329
2021-11-30,118000,119000,112500,114000,7449608,-1.7241379310344827
2021-12-01,114500,117500,112000,116500,4214135,2.1929824561403506
2021-12-02,115500,120500,115000,120000,6980518,3.004291845493562
2021-12-03,119000,119500,115500,118000,4567843,-1.6666666666666667
2021-12-06,116000,119000,115500,118500,4318893,0.423728813559322
2021-12-07,119000,122500,118000,121500,5112025,2.5316455696202533
2021-12-08,124000,125000,119500,120000,6168137,-1.2345679012345678
2021-12-09,120500,123500,119000,123500,5631833,2.9166666666666665
2021-12-10,120500,121500,119500,120500,2512642,-2.42914979757085
2021-12-13,121000,124000,121000,121500,3329176,0.8298755186721992
2021-12-14,120500,123000,120000,121000,2201003,-0.411522633744856
2021-12-15,120000,123500,120000,123500,2681332,2.066115702479339
2021-12-16,125000,125500,122500,124000,3869086,0.4048582995951417
2021-12-17,120500,123000,120500,122000,3850444,-1.6129032258064515
2021-12-20,121500,123500,120500,120500,2846815,-1.2295081967213115
2021-12-21,124000,124500,122500,124500,3678590,3.319502074688797
2021-12-22,127500,128500,126000,127000,3817689,2.0080321285140563
2021-12-23,129000,129000,126500,127500,2398358,0.39370078740157477
2021-12-24,129000,130000,128000,128000,2462683,0.39215686274509803
2021-12-27,128500,129000,126000,126000,2684135,-1.5625
2021-12-28,126500,128000,124500,127500,4086063,1.1904761904761905
2021-12-29,127500,128500,125500,127000,3832154,-0.39215686274509803
2021-12-30,131000,133500,130000,131000,5172987,3.149606299212598
2022-01-03,132000,132500,128000,128500,3782213,-1.9083969465648856
2022-01-04,129500,130000,127500,128500,3622369,0.0
2022-01-05,129000,129000,121500,125500,7414954,-2.3346303501945527
2022-01-06,123500,127000,123000,125000,3725569,-0.398406374501992
2022-01-07,127000,129000,126500,127000,3270119,1.6
2022-01-10,126500,127000,123000,124500,3449197,-1.968503937007874
2022-01-11,125500,128500,124500,128000,3958787,2.8112449799196786
2022-01-12,129500,130000,126500,128500,3552174,0.390625
2022-01-13,128500,130000,128000,129500,4155984,0.7782101167315175
2022-01-14,128500,129000,126000,128500,3769648,-0.7722007722007722
2022-01-17,127500,128000,124500,127000,3730393,-1.1673151750972763
2022-01-18,126500,127500,125000,126500,3607850,-0.39370078740157477
2022-01-19,123500,128500,123500,127000,4094609,0.3952569169960474
2022-01-20,126000,126500,123500,125000,5441986,-1.574803149606299
2022-01-21,121500,122500,118000,119000,6465040,-4.8
2022-01-24,116500,120500,116500,119000,4883822,0.0
2022-01-25,118000,120000,116500,118000,5702595,-0.8403361344537815
2022-01-26,119000,119500,117500,117500,3416240,-0.423728813559322
2022-01-27,119500,119500,111000,113500,6679404,-3.404255319148936
2022-01-28,115000,121500,114500,120500,4776510,6.167400881057269
2022-02-03,124500,127000,124000,124000,5171178,2.904564315352697
2022-02-04,125500,127000,124000,124500,3037097,0.4032258064516129
2022-02-07,123000,123500,119500,123000,4804261,-1.2048192771084338
2022-02-08,124500,126000,123500,125000,4054097,1.6260162601626018
2022-02-09,127000,128000,124500,126000,4339337,0.8
2022-02-10,129000,131000,127000,129500,7269729,2.7777777777777777
2022-02-11,130500,132500,130000,132000,6057207,1.9305019305019304
2022-02-14,130000,132500,129500,132500,4962205,0.3787878787878788
2022-02-15,131500,132000,127000,127000,5097120,-4.150943396226415
2022-02-16,131000,132500,130000,130500,3499809,2.7559055118110236
2022-02-17,130500,134000,130000,133000,5433402,1.9157088122605364
2022-02-18,131500,133000,129500,131500,3108887,-1.1278195488721803
2022-02-21,129000,130500,127000,130000,4048108,-1.1406844106463878
2022-02-22,127000,129500,126000,128500,3179806,-1.153846153846154
2022-02-23,130000,130500,127000,128500,2752112,0.0
2022-02-24,125500,126000,122000,122500,5748069,-4.669260700389105
2022-02-25,125500,126000,122500,123000,3309625,0.40816326530612246
2022-02-28,123000,123500,121000,123500,3224264,0.40650406504065045
2022-03-02,124500,126500,123000,125000,2903340,1.214574898785425
2022-03-03,128000,129500,127000,129000,3088097,3.2
2022-03-04,127500,128000,124000,124500,3249773,-3.488372093023256
2022-03-07,119000,121000,119000,119500,5203286,-4.016064257028113
2022-03-08,117000,119500,116500,118000,3619045,-1.2552301255230125
2022-03-10,121000,121500,118500,120000,3912683,1.694915254237288
2022-03-11,118500,119000,115500,117000,3087532,-2.5
2022-03-14,115500,117000,114500,116000,3172353,-0.8547008547008548
2022-03-15,114500,115500,112000,112500,3578256,-3.0172413793103448
2022-03-16,115000,117000,114000,116500,3739977,3.5555555555555554
2022-03-17,121000,124500,121000,124000,7219813,6.437768240343347
2022-03-18,124000,125000,121000,124000,4493159,0.0
2022-03-21,124000,124500,121000,122000,3433809,-1.6129032258064515
2022-03-22,121000,124000,121000,123500,2246439,1.2295081967213115
2022-03-23,124000,124500,122000,123500,4085633,0.0
2022-03-24,121000,122000,119500,120500,4215272,-2.42914979757085
2022-03-25,122000,123000,118000,118000,5514940,-2.0746887966804977
2022-03-28,117500,119500,116500,118000,3234792,0.0
2022-03-29,119500,120500,118500,120000,3375247,1.694915254237288
2022-03-30,123000,123000,120500,121000,3436282,0.8333333333333334
2022-03-31,119500,120000,117500,118000,4558063,-2.479338842975207
2022-04-01,117000,117500,116000,116000,3851558,-1.694915254237288
2022-04-04,115000,117500,114500,117000,2470792,0.8620689655172413
2022-04-05,117500,118000,116000,116500,2101474,-0.4273504273504274
2022-04-06,114500,115500,113000,113000,4541938,-3.004291845493562
2022-04-07,111500,114500,110500,113500,5027865,0.4424778761061947
2022-04-08,113000,114000,110500,112000,4268316,-1.3215859030837005
2022-04-11,111000,113000,110500,111500,2390786,-0.4464285714285714
2022-04-12,110500,113000,110500,111000,2738163,-0.4484304932735426
2022-04-13,112000,113000,111000,113000,2484490,1.8018018018018018
2022-04-14,113000,113000,110000,110000,4715700,-2.6548672566371683
2022-04-15,108000,108500,107000,108000,3694012,-1.8181818181818181
2022-04-18,107000,109500,106500,109000,2670439,0.9259259259259258
2022-04-19,110000,112500,109500,112500,3021192,3.211009174311927
2022-04-20,112500,113000,111000,112500,2905007,0.0
2022-04-21,112500,115000,112500,113000,3199858,0.4444444444444444
2022-04-22,110500,112000,110500,110500,2360834,-2.2123893805309733
2022-04-25,109000,109500,108000,108000,2282343,-2.262443438914027
2022-04-26,109500,111000,108000,111000,2969516,2.7777777777777777
2022-04-27,108000,109500,107500,108500,3261290,-2.2522522522522523
2022-04-28,109500,110000,108000,109500,2804966,0.9216589861751152
2022-04-29,110000,112500,109500,112500,3752415,2.73972602739726
2022-05-02,110000,111500,110000,110500,2175384,-1.7777777777777777
2022-05-03,111000,112000,109500,110000,2676115,-0.4524886877828055
2022-05-04,110500,111000,108500,109500,2491890,-0.45454545454545453
2022-05-06,108000,108500,106500,107500,2566813,-1.82648401826484
2022-05-09,107000,109000,106500,107500,2203472,0.0
2022-05-10,107000,111000,107000,110000,4141923,2.3255813953488373
2022-05-11,110500,112500,108000,110500,3658168,0.45454545454545453
2022-05-12,109500,111500,108500,109000,4132948,-1.3574660633484164
2022-05-13,109000,112500,109000,112500,4003349,3.211009174311927
2022-05-16,113500,114000,110000,110500,3930044,-1.7777777777777777
2022-05-17,111000,113000,110500,112500,2056143,1.809954751131222
2022-05-18,114000,115000,113000,113500,3570113,0.8888888888888888
2022-05-19,110500,112500,110000,111000,3680049,-2.2026431718061676
2022-05-20,111500,113000,111000,112500,2398978,1.3513513513513513
2022-05-23,113000,113500,111000,113000,3160028,0.4444444444444444
2022-05-24,111500,112000,108500,108500,4491835,-3.982300884955752
2022-05-25,109500,110000,107000,108000,4151560,-0.4608294930875576
2022-05-26,107500,108500,101500,103000,8523001,-4.62962962962963
2022-05-27,105500,107000,105000,106000,3686487,2.912621359223301
2022-05-30,108000,108000,106000,107000,2054526,0.9433962264150944
2022-05-31,106500,108000,105500,108000,4024509,0.9345794392523363
2022-06-02,106000,107500,106000,107000,3097583,-0.9259259259259258
2022-06-03,108000,108500,107000,107000,1638006,0.0
2022-06-07,105500,106000,103500,104000,3174521,-2.803738317757009
2022-06-08,104500,107500,104500,106000,3075530,1.9230769230769231
2022-06-09,105500,107000,104500,105500,4640744,-0.4716981132075472
2022-06-10,104000,104500,102500,103500,3480289,-1.8957345971563981
2022-06-13,100000,101000,99000,99000,4133447,-4.3478260869565215
2022-06-14,96900,99600,96800,99100,3242550,0.10101010101010101
2022-06-15,98500,98900,96700,97900,2578500,-1.2108980827447022
2022-06-16,99900,101500,97100,97400,3810703,-0.5107252298263534
2022-06-17,95100,96400,95000,96400,3965464,-1.0266940451745379
2022-06-20,96700,96800,93100,94500,2386222,-1.970954356846473
2022-06-21,94700,95900,93900,95200,2707302,0.7407407407407408
2022-06-22,95700,95700,91700,92200,3509830,-3.1512605042016806
2022-06-23,92100,93000,89700,90200,3983116,-2.1691973969631237
2022-06-24,90500,92000,90500,91600,3045970,1.5521064301552108
2022-06-27,92700,96100,92600,95000,3408749,3.711790393013101
2022-06-28,94500,95300,93700,95300,2022966,0.3157894736842105
2022-06-29,93300,94900,92900,94000,2529973,-1.3641133263378804
2022-06-30,91500,93100,91000,91000,3098854,-3.1914893617021276
2022-07-01,91000,92500,87100,87500,4959176,-3.8461538461538463
2022-07-04,87500,89600,86300,89100,4331728,1.8285714285714287
2022-07-05,90400,93400,90400,92500,3560085,3.8159371492704826
2022-07-06,92800,93600,90900,92100,3981326,-0.43243243243243246
2022-07-07,91300,95200,91300,93900,3330794,1.9543973941368076
2022-07-08,95900,96500,94500,94800,2814478,0.9584664536741214
2022-07-11,95000,95700,93500,93700,1885425,-1.160337552742616
2022-07-12,94000,94000,91700,93300,2385688,-0.42689434364994666
2022-07-13,94600,96400,93800,94000,2721816,0.7502679528403001
2022-07-14,92800,95500,92300,94000,2550307,0.0
2022-07-15,95900,99000,95500,98700,4457208,5.0
2022-07-18,101000,103500,100000,101000,4564780,2.330293819655522
2022-07-19,100000,100500,98700,100000,2709084,-0.9900990099009901
2022-07-20,103000,104500,101000,102000,3981053,2.0
2022-07-21,102000,103000,100500,102500,2143984,0.49019607843137253
2022-07-22,102500,102500,100000,100000,3126556,-2.4390243902439024
2022-07-25,99100,101500,98900,100000,2185108,0.0
2022-07-26,100500,101000,99100,100500,1636970,0.5
2022-07-27,101000,101500,98600,100000,3159499,-0.4975124378109453
2022-07-28,101000,101500,98900,99400,3359717,-0.6
2022-07-29,99900,100000,97400,97900,3899079,-1.5090543259557343
2022-08-01,97200,98100,96500,97100,2007646,-0.8171603677221655
2022-08-02,97200,97200,96200,96500,1916851,-0.6179196704428425
2022-08-03,96900,97500,96100,97500,1703330,1.0362694300518136
2022-08-04,98000,98100,97100,97500,1960526,0.0
2022-08-05,98100,98700,97400,98500,2052852,1.0256410256410255
2022-08-08,97700,97700,95800,96300,3206548,-2.233502538071066
2022-08-09,96000,96100,94500,95100,3152955,-1.2461059190031152
2022-08-10,91800,93000,91800,91800,4356568,-3.4700315457413247
2022-08-11,93500,94400,92600,93300,5206962,1.6339869281045754
2022-08-12,92800,94400,92600,93300,1910127,0.0
2022-08-16,94500,97600,94400,96700,4267280,3.644158628081458
2022-08-17,96800,97600,95900,97100,1764674,0.4136504653567736
2022-08-18,95900,96400,95300,95700,1889587,-1.4418125643666324
2022-08-19,97000,97500,95900,96400,1890839,0.7314524555903866
2022-08-22,95200,95600,94000,95200,2293601,-1.2448132780082988
2022-08-23,94100,95400,93600,93600,1932822,-1.680672268907563
2022-08-24,93900,94200,93000,93200,1447036,-0.4273504273504274
2022-08-25,93600,94100,92100,94100,2189458,0.9656652360515022
2022-08-26,95400,96800,94700,95100,2301949,1.0626992561105209
2022-08-29,92700,93300,92000,92500,2619260,-2.7339642481598316
2022-08-30,92700,93400,92400,93200,1595242,0.7567567567567568
2022-08-31,92600,95500,92100,95200,2421669,2.1459227467811157
2022-09-01,93900,93900,92300,92400,2337521,-2.941176470588235
2022-09-02,92700,93300,91600,91700,2036818,-0.7575757575757576
2022-09-05,91800,92400,90400,91100,1706148,-0.6543075245365322
2022-09-06,91900,92900,91100,91800,1389821,0.7683863885839737
2022-09-07,91100,91100,89900,90400,2053413,-1.5250544662309369
2022-09-08,90500,91000,90000,90400,2012123,0.0
2022-09-13,91700,95200,91700,94800,3288428,4.867256637168142
2022-09-14,91700,93400,91300,93000,2444928,-1.89873417721519
2022-09-15,92900,93000,91500,92000,1755820,-1.0752688172043012
2022-09-16,90900,91400,90000,91200,2243179,-0.8695652173913043
2022-09-19,90800,91500,90000,90000,2078633,-1.3157894736842104
2022-09-20,89000,90600,87500,88000,4259789,-2.2222222222222223
2022-09-21,87500,88500,86300,88000,2954420,0.0
2022-09-22,86300,86900,85900,86000,2204430,-2.272727272727273
2022-09-23,85500,86600,83300,83500,3932242,-2.9069767441860463
2022-09-26,81500,83200,81500,82500,3281145,-1.1976047904191618
2022-09-27,82200,82700,80700,82000,2606333,-0.6060606060606061
2022-09-28,81900,83500,80500,81200,3068181,-0.975609756097561
2022-09-29,82500,82900,80500,80800,2064798,-0.49261083743842365
2022-09-30,80900,83900,80400,83100,4711130,2.846534653465347
2022-10-04,85200,87200,85200,86200,4277404,3.730445246690734
2022-10-05,90000,90400,88100,89800,5927256,4.176334106728538
2022-10-06,90900,92000,89800,89900,3039698,0.11135857461024498
2022-10-07,89600,91800,87800,91200,3100583,1.4460511679644048
2022-10-11,89700,91200,88000,90200,3840842,-1.0964912280701753
2022-10-12,91000,94000,90900,94000,4648231,4.212860310421286
2022-10-13,93400,94900,92800,94900,4390570,0.9574468085106382
2022-10-14,96000,96600,94300,95500,3516437,0.6322444678609063
2022-10-17,94600,95300,94000,95200,2134558,-0.31413612565445026
2022-10-18,95900,96200,94600,95800,2618680,0.6302521008403361
2022-10-19,94700,94900,92700,92900,3684934,-3.02713987473904
2022-10-20,91000,91800,89000,90200,4547678,-2.906350914962325
2022-10-21,89800,91400,89700,90500,2206754,0.3325942350332594
2022-10-24,92200,93100,91200,91800,2165991,1.4364640883977902
2022-10-25,91900,94800,91000,93500,2656194,1.8518518518518516
2022-10-26,93300,95500,93200,93900,3310322,0.42780748663101603
2022-10-27,95100,95100,89800,90000,4550273,-4.15335463258786
2022-10-28,87100,87800,83000,83400,7748514,-7.333333333333333
2022-10-31,84300,85400,82400,82700,6271574,-0.8393285371702638
2022-11-01,82700,83900,81400,83900,3820185,1.4510278113663846
2022-11-02,84200,85500,83600,84500,2536363,0.7151370679380215
2022-11-03,82600,83500,81900,82700,2901380,-2.130177514792899
2022-11-04,82700,84600,81700,84500,3032985,2.176541717049577
2022-11-07,85400,86800,85000,86500,2765284,2.366863905325444
2022-11-08,87600,89000,87400,87700,2799575,1.3872832369942196
2022-11-09,88100,89200,86600,89200,2619752,1.7103762827822122
2022-11-10,89000,90800,88300,89100,3856811,-0.11210762331838565
2022-11-11,95200,95300,92500,93500,5002149,4.938271604938271
2022-11-14,93900,93900,90900,90900,2483441,-2.7807486631016043
2022-11-15,91300,92100,90400,91600,2460465,0.77007700770077
2022-11-16,92000,92400,90300,91500,2609199,-0.10917030567685589
2022-11-17,82400,88500,82000,87700,3703870,-4.1530054644808745
2022-11-18,88700,91500,88100,88400,2981192,0.798175598631699
2022-11-21,87600,87700,86100,86300,2111523,-2.3755656108597285
2022-11-22,85500,86600,84900,85200,1617131,-1.2746234067207416
2022-11-23,86100,86700,84900,85200,1480400,0.0
2022-11-24,86900,87200,85700,86900,2148255,1.9953051643192488
2022-11-25,87200,87300,85100,85100,1439011,-2.0713463751438432
2022-11-28,84100,84200,82900,83100,2471506,-2.3501762632197414
2022-11-29,82700,83800,82100,83700,1501783,0.7220216606498195
2022-11-30,83200,85400,83100,85000,3332708,1.5531660692951015
2022-12-01,87300,87300,84600,84700,2878591,-0.35294117647058826
2022-12-02,83900,83900,81800,81900,4594058,-3.3057851239669422
2022-12-05,81900,82300,80700,81000,3516456,-1.098901098901099
2022-12-06,79900,81100,79800,81000,2781352,0.0
2022-12-07,79900,80700,78700,78900,3589926,-2.5925925925925926
2022-12-08,78200,79800,78200,78800,3809847,-0.12674271229404308
2022-12-09,79400,81500,79300,81500,2985508,3.4263959390862944
2022-12-12,80100,81300,79500,81100,1242007,-0.49079754601227
2022-12-13,81300,82700,80500,82300,2761104,1.4796547472256474
2022-12-14,82100,82600,81100,81800,2357491,-0.6075334143377886
2022-12-15,80600,81100,79900,80200,1713617,-1.9559902200488997
2022-12-16,77700,79400,77500,78400,3827227,-2.2443890274314215
2022-12-19,78300,80100,78300,79000,1813544,0.7653061224489796
2022-12-20,78200,78900,77800,78300,1361926,-0.8860759493670887
2022-12-21,78500,79200,78000,78000,1513864,-0.38314176245210724
2022-12-22,78500,79300,77900,79200,2061883,1.5384615384615385
2022-12-23,77800,78300,77300,77800,1554446,-1.7676767676767675
2022-12-26,77700,77700,76500,77000,1414717,-1.0282776349614395
2022-12-27,77500,77600,76500,77000,1694225,0.0
2022-12-28,76800,77000,75400,76000,1891221,-1.2987012987012987
2022-12-29,75200,75600,74700,75000,1736661,-1.3157894736842104
2023-01-02,75100,76700,75000,75700,1376985,0.9333333333333335
2023-01-03,75600,76300,73100,75600,2719437,-0.13210039630118892
2023-01-04,75400,81900,75200,81000,5154609,7.142857142857142
2023-01-05,83300,83300,80800,81400,3510964,0.49382716049382713
2023-01-06,81400,83600,81100,83100,3687430,2.0884520884520885
2023-01-09,84900,86000,83500,86000,3948670,3.489771359807461
2023-01-10,85500,87200,85000,86500,3105311,0.5813953488372093
2023-01-11,87800,88400,86500,87300,3083961,0.9248554913294799
2023-01-12,88100,88100,85800,86800,3065582,-0.572737686139748
2023-01-13,86800,87500,85400,85700,2058890,-1.2672811059907834
2023-01-16,86000,86500,84900,85800,1512876,0.11668611435239205
2023-01-17,86400,87200,85700,86000,1586136,0.2331002331002331
2023-01-18,86400,86500,84500,85100,1494262,-1.0465116279069768
2023-01-19,84000,85800,84000,85500,1674834,0.4700352526439483
2023-01-20,86300,87800,86100,87600,2386074,2.456140350877193
2023-01-25,92000,92000,90600,91400,3611901,4.337899543378995
2023-01-26,90800,92300,90100,92300,2319962,0.9846827133479212
2023-01-27,91300,92800,90300,91500,2553811,-0.8667388949079089
2023-01-30,91300,91600,90000,90700,2603297,-0.8743169398907104
2023-01-31,90800,90800,86800,88500,5185088,-2.4255788313120177
2023-02-01,91200,91400,88500,91400,3889171,3.2768361581920904
2023-02-02,94900,94900,92700,93400,4350607,2.1881838074398248
2023-02-03,92400,93200,91300,92200,2925123,-1.284796573875803
2023-02-06,91400,92000,89100,89100,2819903,-3.3622559652928414
2023-02-07,88800,91200,88800,90800,2166265,1.9079685746352413
2023-02-08,91700,95000,91600,94900,3964981,4.5154185022026425
2023-02-09,94800,94800,92600,94400,2726568,-0.5268703898840885
2023-02-10,94300,94700,93100,93500,1971090,-0.9533898305084746
2023-02-13,92000,92000,89900,90600,3159031,-3.1016042780748663
2023-02-14,91800,93500,91600,93400,2185525,3.090507726269316
2023-02-15,93800,94200,91200,91700,1801577,-1.8201284796573876
2023-02-16,91900,93400,91600,92900,1812496,1.3086150490730644
2023-02-17,91400,92700,90900,92000,1691509,-0.9687836383207751
2023-02-20,92700,93300,90700,92500,1774617,0.5434782608695652
2023-02-21,92500,92600,90900,91200,1477419,-1.4054054054054055
2023-02-22,89900,90300,88500,89100,2301835,-2.302631578947368
2023-02-23,90000,93700,89600,92700,3659678,4.040404040404041
2023-02-24,93500,94000,91000,91000,2496352,-1.8338727076591153
2023-02-27,90100,90300,89100,90000,1893345,-1.098901098901099
2023-02-28,91000,91000,88700,89400,2082486,-0.6666666666666667
2023-03-02,89400,90300,87500,88100,2744038,-1.45413870246085
2023-03-03,88500,89200,87200,87300,2239958,-0.9080590238365494
2023-03-06,87900,89800,87500,89700,2374415,2.7491408934707904
2023-03-07,89700,90000,88800,88900,1610948,-0.8918617614269788
2023-03-08,87700,87800,86400,86800,2790989,-2.3622047244094486
2023-03-09,87300,87800,85300,85600,3315016,-1.3824884792626728
2023-03-10,83800,84400,83100,83300,3559824,-2.6869158878504673
2023-03-13,83200,84700,82400,84300,2860341,1.2004801920768309
2023-03-14,82600,83000,81100,81100,3359381,-3.795966785290629
2023-03-15,81900,82300,78800,79100,5357314,-2.466091245376079
2023-03-16,76700,80200,76700,79000,4804196,-0.12642225031605564
2023-03-17,81200,84800,81100,84000,6239588,6.329113924050633
2023-03-20,83800,85100,83000,83700,2223378,-0.35714285714285715
2023-03-21,84100,85100,82900,83600,1880231,-0.11947431302270012
2023-03-22,85200,87300,83800,86900,2667268,3.9473684210526314
2023-03-23,85400,88500,85100,88500,3091673,1.8411967779056386
2023-03-24,89100,90700,86700,87300,4670908,-1.3559322033898304
2023-03-27,87500,87800,84700,85500,3211190,-2.0618556701030926
2023-03-28,85300,88700,85200,88400,3180431,3.3918128654970756
2023-03-29,87400,88700,86500,86900,3070422,-1.6968325791855203
2023-03-30,89900,90500,87700,88800,4264354,2.186421173762946
2023-03-31,89200,89500,87600,88600,2676327,-0.22522522522522523
2023-04-03,89700,89700,86600,87200,2502220,-1.580135440180587
2023-04-04,85700,85900,83700,84500,16808036,-3.096330275229358
2023-04-05,84300,85700,84100,84600,4380498,0.1183431952662722
2023-04-06,83900,84700,82700,83800,5379170,-0.9456264775413712
2023-04-07,87900,89400,86000,89100,10867359,6.324582338902148
2023-04-10,88700,92500,88500,90700,5387514,1.7957351290684627
2023-04-11,90700,92200,89900,91800,5001836,1.2127894156560088
2023-04-12,91900,92000,89700,90300,4751001,-1.6339869281045754
2023-04-13,89500,90300,88200,88700,4907552,-1.7718715393133997
2023-04-14,90100,90300,88600,89300,2324722,0.6764374295377678
2023-04-17,89000,89000,87700,88500,1877825,-0.8958566629339306
2023-04-18,89300,89300,87300,87600,1763334,-1.0169491525423728
2023-04-19,88000,88500,86600,88200,2024519,0.684931506849315
2023-04-20,86600,88400,86200,87700,1746001,-0.5668934240362812
2023-04-21,87700,89800,87200,89100,2624982,1.596351197263398
2023-04-24,88100,88800,87000,87200,2054455,-2.132435465768799
2023-04-25,87500,87800,83700,85500,4096411,-1.94954128440367
2023-04-26,86400,88700,86200,87400,3240654,2.2222222222222223
2023-04-27,87900,89200,86000,88800,2980163,1.6018306636155606
2023-04-28,90800,91400,88700,89500,3737493,0.7882882882882882
2023-05-02,90900,90900,88900,90200,2427349,0.782122905027933
2023-05-03,89000,90300,88600,89800,1779615,-0.4434589800443459
2023-05-04,88900,89600,87500,88700,1794303,-1.2249443207126949
2023-05-08,89700,90000,87700,88700,2615242,0.0
2023-05-09,88400,88600,86700,87300,2297473,-1.5783540022547913
2023-05-10,87200,87700,86300,86900,2137658,-0.45819014891179843
2023-05-11,86900,87300,85000,86300,2806299,-0.6904487917146145
2023-05-12,86300,87600,86200,87200,2712372,1.0428736964078795
2023-05-15,87000,87100,85500,86400,2357794,-0.9174311926605505
2023-05-16,89500,90700,88500,90400,5121364,4.62962962962963
2023-05-17,92000,92000,90300,91900,3340386,1.6592920353982303
2023-05-18,92800,94000,92000,93600,3473641,1.8498367791077257
2023-05-19,95000,97900,94900,97300,5062669,3.9529914529914527
2023-05-22,97700,99400,97100,98200,4248401,0.9249743062692704
2023-05-23,99000,99000,97000,97900,2472514,-0.30549898167006106
2023-05-24,97400,97800,96300,97700,2097933,-0.20429009193054137
2023-05-25,104300,104300,101100,103500,7431586,5.93654042988741
2023-05-26,107500,110500,106100,109200,10136706,5.507246376811594
2023-05-30,113200,113400,109500,110300,9058509,1.0073260073260073
2023-05-31,110000,110900,108500,108600,8166685,-1.5412511332728922
2023-06-01,106000,110500,106000,110300,5553560,1.5653775322283612
2023-06-02,111000,112700,109200,110300,3991904,0.0
2023-06-05,110100,110500,108500,108700,3316020,-1.4505893019038985
2023-06-07,108700,109300,108000,108000,3313460,-0.6439742410303588
2023-06-08,107000,109700,106700,109700,4355468,1.574074074074074
2023-06-09,110300,115600,108300,115400,7950947,5.195989061075661
2023-06-12,114400,115800,114000,114800,2637721,-0.5199306759098787
2023-06-13,117000,120100,117000,119500,6232477,4.094076655052264
2023-06-14,118800,119700,118100,118800,3240260,-0.5857740585774058
2023-06-15,120200,121100,118000,119000,3778592,0.16835016835016833
2023-06-16,117300,119800,116300,118900,4303391,-0.08403361344537816
2023-06-19,118000,118500,113500,114800,4208396,-3.4482758620689653
2023-06-20,114000,117000,113200,116100,3319570,1.132404181184669
2023-06-21,116200,117500,114600,115100,2728146,-0.8613264427217916
2023-06-22,114200,115900,113400,114000,2612402,-0.9556907037358819
2023-06-23,114000,115200,112500,113600,2987472,-0.3508771929824561
2023-06-26,113100,113900,111200,113500,3350758,-0.08802816901408451
2023-06-27,114000,114000,110800,113000,3602087,-0.4405286343612335
2023-06-28,114200,115200,112800,114300,3178571,1.1504424778761062
2023-06-29,115200,117400,114500,116200,4398301,1.6622922134733158
2023-06-30,114600,115500,113200,115200,2674318,-0.8605851979345954
2023-07-03,115300,118900,115300,117600,3022009,2.083333333333333
2023-07-04,118200,118400,117200,117900,1988592,0.25510204081632654
2023-07-05,118100,118200,116100,116700,2483034,-1.0178117048346056
2023-07-06,116000,116100,113100,113800,3465047,-2.4850042844901457
2023-07-07,112700,113000,111200,111800,2781723,-1.7574692442882252
2023-07-10,111800,112900,109700,110300,3163245,-1.3416815742397137
2023-07-11,111500,113400,111200,113400,2209391,2.8105167724388034
2023-07-12,113200,115400,112800,115400,2228477,1.763668430335097
2023-07-13,115400,117000,113600,114100,3421492,-1.1265164644714039
2023-07-14,115500,120200,115300,118000,5817889,3.4180543382997373
2023-07-17,116900,118700,116000,117200,2427281,-0.6779661016949152
2023-07-18,117500,119000,116700,117800,2299880,0.5119453924914675
2023-07-19,118700,119100,116700,117500,2580301,-0.2546689303904924
2023-07-20,116500,117500,115200,116900,1949776,-0.5106382978723404
2023-07-21,114700,115100,113200,115100,2745384,-1.5397775876817792
2023-07-24,114100,114900,112900,114000,2761991,-0.9556907037358819
2023-07-25,114000,114200,112200,113400,2678385,-0.5263157894736842
2023-07-26,116000,116100,111300,113000,4995935,-0.3527336860670194
2023-07-27,115000,124000,114100,124000,9638980,9.734513274336283
2023-07-28,126200,129000,122000,128000,8718746,3.225806451612903
2023-07-31,128000,128500,122500,123400,4623350,-3.5937499999999996
2023-08-01,124000,126400,120700,125100,4656047,1.3776337115072934
2023-08-02,123300,124800,118700,119500,3765478,-4.476418864908074
2023-08-03,119000,121300,117200,120000,3498537,0.41841004184100417
2023-08-04,118300,120900,118100,120100,2375384,0.08333333333333334
2023-08-07,120600,124900,120500,121900,3724826,1.4987510407993339
2023-08-08,121900,122400,118300,118600,2729243,-2.7071369975389663
2023-08-09,118500,119200,117200,118500,2551668,-0.08431703204047217
2023-08-10,117400,118500,115100,118500,2622604,0.0
2023-08-11,118000,119400,115200,115300,2412381,-2.70042194092827
2023-08-14,114600,117300,114000,114900,2038360,-0.3469210754553339
2023-08-16,117200,118500,115000,115800,3870479,0.7832898172323759
2023-08-17,114300,115500,112500,114800,3064253,-0.8635578583765112
2023-08-18,112600,118700,111800,117200,3329697,2.0905923344947737
2023-08-21,117300,118500,115600,116400,2621973,-0.6825938566552902
2023-08-22,120000,120900,114900,116500,3349473,0.0859106529209622
2023-08-23,116200,116800,114100,116000,2573292,-0.4291845493562232
2023-08-24,122300,123600,120300,120900,6368401,4.224137931034483
2023-08-25,117400,118300,115300,116500,3533647,-3.6393713813068653
2023-08-28,117000,117500,115500,115900,1746882,-0.5150214592274678
2023-08-29,118300,120300,117100,118600,2682352,2.3295944779982745
2023-08-30,122400,122800,119400,119400,2629711,0.6745362563237773
2023-08-31,121000,122800,120000,121800,4403695,2.0100502512562812
2023-09-01,121400,122600,119600,120000,2886011,-1.477832512315271
2023-09-04,118300,119700,116200,119200,3491280,-0.6666666666666667
2023-09-05,118100,121000,117700,119400,1749591,0.16778523489932887
2023-09-06,118600,120000,117800,118200,1615519,-1.0050251256281406
2023-09-07,118200,120900,117100,118500,2995088,0.25380710659898476
2023-09-08,117000,117100,112800,113700,4943255,-4.050632911392405
2023-09-11,113700,116000,112900,115900,2542590,1.9349164467897977
2023-09-12,115400,117500,113900,116700,2749688,0.6902502157031924
2023-09-13,117900,120700,116900,118500,3860589,1.5424164524421593
2023-09-14,118600,122200,118600,122200,3948784,3.1223628691983123
2023-09-15,122900,124400,121600,122400,3579662,0.16366612111292964
2023-09-18,120300,122900,118800,119000,2356621,-2.7777777777777777
2023-09-19,119400,121300,118600,119200,1921912,0.16806722689075632
2023-09-20,118900,119700,116700,118000,2228681,-1.006711409395973
2023-09-21,116000,116900,114100,116500,3151900,-1.2711864406779663
2023-09-22,114300,117300,114200,117300,2938386,0.6866952789699571
2023-09-25,115900,117700,115700,117000,2181722,-0.2557544757033248
2023-09-26,117000,117200,113300,115000,3237819,-1.7094017094017095
2023-09-27,113000,115200,112300,114700,3060751,-0.26086956521739135
2023-10-04,113000,116600,113000,115400,4447702,0.6102877070619006
2023-10-05,122900,122900,118100,120200,6112858,4.15944540727903
2023-10-06,120200,121600,119000,120400,4158083,0.16638935108153077
2023-10-10,122800,124300,119500,119500,5580659,-0.7475083056478405
2023-10-11,123000,123900,119200,119200,4293299,-0.2510460251046025
2023-10-12,121100,124200,120500,124200,4016352,4.194630872483222
2023-10-13,123100,126300,122500,124700,3205273,0.40257648953301123
2023-10-16,124700,125200,122400,124100,3008476,-0.48115477145148355
2023-10-17,125000,130800,123500,130000,6411880,4.754230459307011
2023-10-18,128600,130700,127200,130000,4760148,0.0
2023-10-19,127600,128900,125100,125700,5089745,-3.307692307692308
2023-10-20,124300,127200,122800,126200,3868266,0.3977724741447892
2023-10-23,126800,127200,123500,124000,2432303,-1.7432646592709984
2023-10-24,125400,127000,123900,126800,2802010,2.258064516129032
2023-10-25,127500,129000,126100,127500,3053002,0.5520504731861199
2023-10-26,122100,124800,119500,120000,5961584,-5.88235294117647
2023-10-27,119800,120900,117500,119100,5486088,-0.75
2023-10-30,119100,121700,118700,119100,2798497,0.0
2023-10-31,119800,120900,116300,116300,3166739,-2.3509655751469354
2023-11-01,117900,120300,117000,120300,2707225,3.4393809114359417
2023-11-02,123900,125400,123100,125300,3736208,4.156275976724855
2023-11-03,126500,127200,125000,125800,2796773,0.39904229848363926
2023-11-06,125800,133000,125800,133000,6923192,5.723370429252783
2023-11-07,132000,133500,129300,130400,4940510,-1.954887218045113
2023-11-08,131600,132700,126600,127600,3328279,-2.147239263803681
2023-11-09,127700,129800,126700,128000,2228081,0.3134796238244514
2023-11-10,127900,130800,127000,130500,2656526,1.953125
2023-11-13,133000,134100,131000,131800,2644761,0.996168582375479
2023-11-14,133500,133500,130000,130000,2589591,-1.3657056145675266
2023-11-15,133900,134200,132100,134100,3616292,3.1538461538461537
2023-11-16,133000,134400,131200,132300,2456351,-1.342281879194631
2023-11-17,131500,132000,129100,129900,2438499,-1.8140589569160999
2023-11-20,129300,132000,129300,131400,2004403,1.1547344110854503
2023-11-21,132000,133300,131600,132000,2439306,0.45662100456621
2023-11-22,129600,131600,129500,131300,2128566,-0.5303030303030304
2023-11-23,130600,131400,129500,130100,1839516,-0.913937547600914
2023-11-24,130600,131000,128000,128000,1925668,-1.6141429669485012
2023-11-27,129200,130700,128400,130700,2264243,2.109375
2023-11-28,132100,132100,129900,131400,2562226,0.5355776587605203
2023-11-29,130200,131000,128900,130400,2227853,-0.76103500761035
2023-11-30,129900,133900,129900,133900,3625365,2.6840490797546015
2023-12-01,132200,133000,130800,132600,3641222,-0.9708737864077669
2023-12-04,133400,134600,131100,131100,2680820,-1.1312217194570136
2023-12-05,129700,130000,125400,125900,4375531,-3.9664378337147213
2023-12-06,126800,127500,125400,125600,2667583,-0.23828435266084197
2023-12-07,125600,127800,124500,125600,2478565,0.0
2023-12-08,128100,129100,127500,127500,2762531,1.5127388535031847
2023-12-11,128700,129100,127300,128900,3696790,1.0980392156862746
2023-12-12,130600,131900,130500,131000,3126577,1.6291698991466252
2023-12-13,130000,132400,130000,131200,2852873,0.15267175572519084
2023-12-14,133700,138300,133600,136700,8217135,4.192073170731708
2023-12-15,137000,140000,137000,140000,5011719,2.414045354791514
2023-12-18,139000,140800,138900,140000,2540812,0.0
2023-12-19,140000,140800,138100,138200,2309721,-1.2857142857142856
2023-12-20,139900,140800,139300,140500,3108011,1.6642547033285093
2023-12-21,139200,140600,138100,140500,2737124,0.0
2023-12-22,142700,143700,140600,140600,3183709,0.0711743772241993
2023-12-26,142000,142000,139400,140900,2239789,0.21337126600284498
2023-12-27,140800,141600,139200,140400,2336777,-0.35486160397444994
2023-12-28,140900,141600,139500,141500,2459473,0.7834757834757835
2024-01-02,139700,142800,139700,142400,2147458,0.6360424028268552
2024-01-03,140000,140800,136800,136800,3257820,-3.932584269662921
2024-01-04,136800,138800,135800,136400,2661970,-0.29239766081871343
2024-01-05,135800,137500,135800,137500,1846781,0.8064516129032258
2024-01-08,137500,137900,135400,136000,2498302,-1.090909090909091
2024-01-09,139000,139500,136600,137400,3473806,1.0294117647058822
2024-01-10,137700,138100,132100,133500,3769252,-2.8384279475982535
2024-01-11,132400,137100,132400,136000,3594909,1.8726591760299627
2024-01-12,136400,137300,133400,134100,1878915,-1.397058823529412
2024-01-15,134800,135100,133300,134100,1858867,0.0
2024-01-16,132600,133700,131100,132100,3670169,-1.4914243102162565
2024-01-17,133800,134500,129000,131000,3822702,-0.8327024981074944
2024-01-18,131500,136800,130600,136200,3050556,3.969465648854962
2024-01-19,138700,141300,137400,141300,4946040,3.7444933920704844
2024-01-22,145200,145400,142300,142600,3784276,0.9200283085633405
2024-01-23,142300,142800,138300,140800,2912611,-1.262272089761571
2024-01-24,140000,141700,137600,141500,2580665,0.4971590909090909
2024-01-25,142700,143700,136900,137400,4708651,-2.897526501766784
2024-01-26,136200,138600,136000,136000,3247410,-1.0189228529839884
2024-01-29,135500,137000,135000,135000,2311854,-0.7352941176470588
2024-01-30,135300,137800,134400,136900,2297631,1.4074074074074074
2024-01-31,134800,136600,133600,134700,2815362,-1.6070124178232286
2024-02-01,133100,135600,131700,132700,3778274,-1.4847809948032664
2024-02-02,132300,135300,132200,134900,3708253,1.6578749058025624
2024-02-05,134900,135800,131700,132300,3300954,-1.927353595255745
2024-02-06,133700,138400,132000,138000,4672324,4.308390022675737
2024-02-07,136600,138500,135500,138000,3348045,0.0
2024-02-08,139000,143000,137900,142800,5780714,3.4782608695652173
2024-02-13,146800,150000,145000,150000,6902585,5.042016806722689
2024-02-14,146300,149200,144900,148700,4396924,-0.8666666666666666
2024-02-15,151300,152700,148000,148700,3560211,0.0
2024-02-16,150600,150600,145700,146800,3265836,-1.277740416946873
2024-02-19,146200,153200,146000,151300,3997323,3.0653950953678475
2024-02-20,150300,151100,147500,149600,3507601,-1.1235955056179776
2024-02-21,147100,152200,147100,149000,4278500,-0.4010695187165776
2024-02-22,154500,156500,152600,156500,5966352,5.033557046979865
2024-02-23,166900,166900,159800,161400,7012032,3.1309904153354635
2024-02-26,158400,164800,158400,161800,4329477,0.24783147459727387
2024-02-27,159000,160000,153300,153800,6107954,-4.944375772558715
2024-02-28,154500,159200,153800,158000,3666960,2.7308192457737324
2024-02-29,154900,158400,154500,156200,3386307,-1.139240506329114
2024-03-04,161000,168100,160700,166500,5230909,6.594110115236876
2024-03-05,165100,169000,164100,165800,3612530,-0.42042042042042044
2024-03-06,164100,165500,162700,162900,2672526,-1.7490952955367913
2024-03-07,164500,165900,161000,164900,3052700,1.2277470841006752
2024-03-08,169800,174900,169300,171900,5089650,4.244996967859309
2024-03-11,165000,168900,164700,166600,3450905,-3.0831878999418265
2024-03-12,166100,167200,164000,165700,3102706,-0.5402160864345739
2024-03-13,168600,169700,162000,163600,5072935,-1.2673506336753169
2024-03-14,163600,164200,161100,161900,3655060,-1.039119804400978
2024-03-15,159600,162900,158600,161200,4099531,-0.4323656578134651
2024-03-18,161200,164500,161000,164300,2696598,1.9230769230769231
2024-03-19,161700,161800,157600,160200,4159293,-2.495435179549604
2024-03-20,160200,161400,154100,156500,5692523,-2.309612983770287
2024-03-21,165200,171400,162600,170000,9205769,8.626198083067091
2024-03-22,169000,173900,167400,169800,5400916,-0.1176470588235294
2024-03-25,170500,174800,168500,169400,3434516,-0.23557126030624262
2024-03-26,172000,179500,171900,176600,6549669,4.250295159386068
2024-03-27,176700,183000,175600,181200,5774536,2.6047565118912797
2024-03-28,178000,182100,178000,178200,3424716,-1.6556291390728477
2024-03-29,179200,183900,177600,183000,3035080,2.6936026936026933
2024-04-01,186400,190500,185000,185500,2723474,1.366120218579235
2024-04-02,188000,190000,184400,186300,4207759,0.431266846361186
2024-04-03,182000,183700,178200,179200,5416518,-3.81105743424584
2024-04-04,184400,188500,184000,188000,5344102,4.910714285714286
2024-04-05,184800,187600,181800,182800,4043133,-2.7659574468085104
2024-04-08,183900,183900,180000,181200,3278855,-0.87527352297593
2024-04-09,182300,185300,181700,182900,2302751,0.9381898454746136
2024-04-11,182900,188400,182400,188400,4098231,3.0071077091306724
2024-04-12,188700,191400,187000,187400,3097301,-0.5307855626326964
2024-04-15,185400,188400,183000,188200,2672047,0.42689434364994666
2024-04-16,184400,185500,178300,179100,4956035,-4.835281615302869
2024-04-17,179600,182500,177700,178700,4340591,-0.2233389168062535
2024-04-18,176000,183300,175400,182300,4170243,2.0145495243424736
2024-04-19,177200,178500,169500,173300,7545976,-4.9369171695008225
2024-04-22,170700,172400,167000,171600,5882906,-0.9809578765147143
2024-04-23,172600,173700,169700,171000,3975371,-0.34965034965034963
2024-04-24,178900,180200,176300,179800,4254632,5.146198830409357
2024-04-25,173800,176700,170600,170600,5332149,-5.116796440489433
2024-04-26,176200,178300,174900,177800,5471765,4.220398593200469
2024-04-29,179100,180400,175600,175900,2892809,-1.0686164229471318
2024-04-30,175900,179000,173800,174200,3655060,-0.9664582148948266
2024-05-02,169000,174700,169000,173600,3168250,-0.3444316877152698
2024-05-03,177000,177500,173200,173200,2336256,-0.2304147465437788
2024-05-07,179400,180900,179300,179600,4349589,3.695150115473441
2024-05-08,177600,179400,176000,178000,2304744,-0.8908685968819599
2024-05-09,179000,179400,175400,175400,2861600,-1.4606741573033708
2024-05-10,176500,180100,176400,179900,2813668,2.565564424173318
2024-05-13,180000,184000,179000,183800,3230023,2.16787103946637
2024-05-14,184200,185800,181800,185300,2763069,0.8161044613710555
2024-05-16,191100,194000,191100,193000,5083178,4.155423637344846
2024-05-17,192000,193500,189900,189900,2841394,-1.6062176165803108
2024-05-20,192300,193200,188600,190100,3592128,0.105318588730911
2024-05-21,193400,193500,191200,192000,2468109,0.9994739610731194
2024-05-22,191900,197700,190900,197700,3949439,2.96875
2024-05-23,203500,204000,198200,200000,4681849,1.163378856853819
2024-05-24,199800,202500,197500,198600,3793872,-0.7000000000000001
2024-05-27,203500,209000,199100,201500,4774882,1.460221550855992
2024-05-28,202500,205500,200500,202500,2084945,0.49627791563275436
2024-05-29,210000,210000,200500,202500,3073139,0.0
2024-05-30,202500,202500,195700,195700,2402236,-3.3580246913580245
2024-05-31,194400,195200,188200,189200,5958829,-3.321410321921308
2024-06-03,189500,194600,188200,194200,2982443,2.6427061310782243
2024-06-04,196400,196500,192900,193300,1996780,-0.46343975283213185
2024-06-05,189400,195200,188800,193700,2709631,0.20693222969477496
2024-06-07,199500,207500,197300,207500,4805326,7.1244192049561175
2024-06-10,206000,209500,205000,208000,2448961,0.24096385542168677
2024-06-11,210000,215000,206000,212500,3070163,2.1634615384615383
2024-06-12,212000,216000,211000,215000,2151331,1.1764705882352942
2024-06-13,226000,226500,219000,222000,5777279,3.255813953488372
2024-06-14,225000,225000,216000,221000,3311223,-0.45045045045045046
2024-06-17,219000,229500,219000,223000,2198340,0.904977375565611
2024-06-18,227000,234500,227000,234500,3136231,5.15695067264574
2024-06-19,235000,243000,231500,233500,3758652,-0.42643923240938164
2024-06-20,233500,238500,231000,237500,2927358,1.7130620985010707
2024-06-21,230500,234500,230000,234000,3848394,-1.4736842105263157
2024-06-24,228000,230000,220000,223000,5080726,-4.700854700854701
2024-06-25,215500,225000,215000,225000,5730999,0.8968609865470852
2024-06-26,228000,238500,227500,237000,5166862,5.333333333333334
2024-06-27,229500,239000,227500,236500,3763005,-0.21097046413502107
2024-06-28,235500,237500,232500,236500,2368287,0.0
2024-07-01,233500,236500,232000,235500,1709955,-0.42283298097251587
2024-07-02,235500,237000,230500,232000,2343947,-1.48619957537155
2024-07-03,231000,236000,225000,236000,3315677,1.7241379310344827
2024-07-04,240500,240500,225000,230000,7599882,-2.5423728813559325
2024-07-05,228500,237500,227500,236000,4041293,2.608695652173913
2024-07-08,234000,237000,232500,233500,2309023,-1.059322033898305
2024-07-09,235500,241000,233000,238500,4810781,2.141327623126338
2024-07-10,237500,239000,234000,239000,2579373,0.20964360587002098
2024-07-11,242500,248500,241000,241000,5336097,0.8368200836820083
2024-07-12,232000,236000,230000,233000,4972976,-3.319502074688797
2024-07-15,235000,235500,226500,230000,3301380,-1.2875536480686696
2024-07-16,226500,235000,224000,233000,3982189,1.3043478260869565
2024-07-17,229500,230000,220500,220500,6051510,-5.36480686695279
2024-07-18,212500,215000,209000,212500,8847665,-3.6281179138321997
2024-07-19,208500,214000,207000,209500,4519170,-1.411764705882353
2024-07-22,209000,209500,200500,205000,6662441,-2.1479713603818613
2024-07-23,208500,209500,200500,205000,5976519,0.0
2024-07-24,202000,212500,200000,208500,4838734,1.707317073170732
2024-07-25,196200,198800,189000,190000,12503762,-8.872901678657074
2024-07-26,190800,194500,186100,191800,8769107,0.9473684210526316
2024-07-29,195000,195700,192200,195600,4017366,1.981230448383733
2024-07-30,191300,192200,186500,188900,5165131,-3.425357873210634
2024-07-31,188000,195000,185200,194600,6439929,3.0174695606140816
2024-08-01,201500,201500,193300,193300,6457167,-0.6680369989722508
2024-08-02,183600,184000,172400,173200,13050139,-10.398344542162443
2024-08-05,168000,171200,151600,156100,12358821,-9.8729792147806
2024-08-06,165100,166400,161500,163700,10717321,4.86867392696989
2024-08-07,160900,171000,157400,169300,9732037,3.4208918753817956
2024-08-08,162600,168200,161200,163400,5370361,-3.484937979917307
2024-08-09,172800,172800,168800,171500,5141277,4.957160342717258
2024-08-12,174500,179800,172600,177000,4413736,3.206997084548105
2024-08-13,179900,182400,178800,181900,4234287,2.768361581920904
2024-08-14,188000,188100,184700,186700,4420516,2.638812534359538
2024-08-16,196000,200000,194700,199700,6959688,6.963042313872522
2024-08-19,199900,199900,192400,193900,3977026,-2.9043565348022033
2024-08-20,198700,202500,198100,199700,4258190,2.9912325941206808
2024-08-21,193000,195400,191100,192600,4508983,-3.5553329994992486
2024-08-22,192000,194400,189000,191100,3166217,-0.778816199376947
2024-08-23,186000,189300,185400,185500,4371332,-2.93040293040293
2024-08-26,187800,188500,179600,179600,4913204,-3.1805929919137466
2024-08-27,176800,180200,173400,175000,5796566,-2.5612472160356345
2024-08-28,175000,180800,174000,179300,5590086,2.457142857142857
2024-08-29,167600,171700,167200,169700,8284585,-5.354155047406581
2024-08-30,171000,175500,169400,173700,4498221,2.357100766057749
2024-09-02,173600,174900,168400,174000,3507670,0.17271157167530224
2024-09-03,172900,173800,168300,168300,3286574,-3.2758620689655173
2024-09-04,152900,159000,152900,154800,10020391,-8.02139037433155
2024-09-05,157000,163000,156600,159400,5349484,2.9715762273901807
2024-09-06,157100,158200,154900,156400,3459914,-1.8820577164366372
2024-09-09,151800,157700,150500,157000,4484162,0.3836317135549872
2024-09-10,157400,161700,154300,155500,4718523,-0.9554140127388535
2024-09-11,156800,158700,154300,157200,3203928,1.0932475884244373
2024-09-12,165200,171300,163800,168800,8628996,7.37913486005089
2024-09-13,166500,166700,161100,162800,5246578,-3.5545023696682465
2024-09-19,154700,155700,144700,152800,15001257,-6.142506142506143
2024-09-20,160500,160800,155900,157100,7155655,2.81413612565445
2024-09-23,155800,162900,155700,162000,4497592,3.1190324633991087
2024-09-24,163700,163700,159200,163500,3442530,0.9259259259259258
2024-09-25,166700,169300,165000,165300,4665075,1.1009174311926606
2024-09-26,178400,180900,176200,180900,9519633,9.43738656987296
2024-09-27,187500,189300,183800,183800,6886272,1.6030956329463792
2024-09-30,183700,183800,174600,174600,4859468,-5.00544069640914
2024-10-02,172700,175500,169100,169100,4720638,-3.150057273768614
2024-10-04,171700,175600,170700,174100,3633358,2.956830277942046
2024-10-07,178400,184900,176000,184900,3904925,6.203331418724871
2024-10-08,182200,185000,178000,178000,3988028,-3.7317468902109248
2024-10-10,184500,188100,183400,186700,6325045,4.8876404494382015
2024-10-11,190000,191200,185100,186000,3475666,-0.3749330476700589
2024-10-14,186900,192300,186900,187500,3309274,0.8064516129032258
2024-10-15,191900,193200,189700,192900,4060365,2.88
2024-10-16,184700,192500,183600,188700,4787317,-2.177293934681182
2024-10-17,191200,196000,188700,196000,3996946,3.8685744568097507
2024-10-18,198200,198200,186200,187300,5509895,-4.438775510204081
2024-10-21,189400,192300,188000,190900,2428544,1.9220501868659905
2024-10-22,195300,195300,187500,187800,3466963,-1.6238868517548455
2024-10-23,188500,196700,188000,196000,4366079,4.366347177848776
2024-10-24,193500,202000,190000,198200,6344515,1.1224489795918366
2024-10-25,203000,206000,199400,201000,5530362,1.4127144298688195
2024-10-28,203500,205000,194200,196000,4114186,-2.4875621890547266
2024-10-29,196000,197000,189100,190300,4067991,-2.9081632653061225
2024-10-30,190200,195400,189400,195000,3580400,2.4697845507094063
2024-10-31,189900,192900,186100,186300,4573282,-4.461538461538462
2024-11-01,182500,184900,180500,182200,3478519,-2.200751476113795
2024-11-04,185200,194000,183700,194000,3569575,6.476399560922063
2024-11-05,193600,198800,192100,193200,3560310,-0.4123711340206186
2024-11-06,197700,199200,192700,195800,3460361,1.3457556935817805
2024-11-07,197400,198300,193100,197400,2976546,0.8171603677221655
2024-11-08,200500,203000,198800,200500,3031573,1.5704154002026343
2024-11-11,199300,199300,192400,192600,2636191,-3.940149625935162
2024-11-12,192500,192500,184900,185800,3920254,-3.5306334371754935
2024-11-13,185700,189500,182600,182900,3172827,-1.5608180839612487
2024-11-14,182900,184900,171700,173000,6309368,-5.41279387643521
2024-11-15,174000,179000,173600,178200,4330750,3.005780346820809
2024-11-18,173800,177800,170300,171700,3885644,-3.6475869809203143
2024-11-19,170400,172900,168100,170600,4075013,-0.64065230052417
2024-11-20,175000,175100,170200,170600,3689296,0.0
2024-11-21,168200,173000,168200,168800,3821502,-1.0550996483001172
2024-11-22,171700,178200,171200,176700,3919973,4.680094786729858
2024-11-25,174500,179500,173900,177000,4393882,0.1697792869269949
2024-11-26,175200,177700,174700,177100,1996128,0.05649717514124294
2024-11-27,175600,175700,167900,168300,4756820,-4.968944099378882
2024-11-28,164600,166300,160800,161100,5691298,-4.27807486631016
2024-11-29,160000,162400,157600,159900,4682788,-0.74487895716946
2024-12-02,162200,162700,158600,158800,3558868,-0.6879299562226392
2024-12-03,159200,165100,159100,164900,4180365,3.841309823677582
2024-12-04,161300,168000,161100,168000,5701792,1.879927228623408
2024-12-05,170000,175600,169300,173000,4671438,2.976190476190476
2024-12-06,173500,173600,165000,167100,4434259,-3.410404624277456
2024-12-09,167100,170600,165000,168900,5305672,1.0771992818671454
2024-12-10,168000,170400,167600,170400,3159112,0.8880994671403196
2024-12-11,167400,171800,167000,171800,2281189,0.8215962441314555
2024-12-12,176500,177400,173500,176100,4550292,2.5029103608847496
2024-12-13,174400,176400,173500,175500,3677980,-0.34071550255536626
2024-12-16,177400,180400,177300,179300,3278975,2.1652421652421654
2024-12-17,183000,184500,182100,184000,3188910,2.6213050752928053
2024-12-18,183400,183900,181600,183500,2363872,-0.2717391304347826
2024-12-19,173900,176800,173000,175000,4833862,-4.632152588555858
2024-12-20,174100,174800,167100,168500,4487308,-3.7142857142857144
2024-12-23,170000,173300,169600,169600,3287596,0.6528189910979229
2024-12-24,171700,171900,168300,168500,1844961,-0.6485849056603774
2024-12-26,170000,172000,169400,170100,2022727,0.9495548961424332
2024-12-27,170100,176000,170000,174500,2643523,2.586713697824809
2024-12-30,174000,175800,172400,173900,1434202,-0.3438395415472779
2025-01-02,170500,172200,170000,171200,2102175,-1.5526164462334675
2025-01-03,174500,182700,173100,181900,4233446,6.25
2025-01-06,184400,199800,184400,199800,7320382,9.84057174271578
2025-01-07,205000,206500,194800,195000,6075445,-2.4024024024024024
2025-01-08,193100,198100,191000,194700,4275792,-0.15384615384615385
2025-01-09,201000,206000,199800,205000,6692254,5.290190035952748
2025-01-10,208000,212500,202500,203500,6149475,-0.7317073170731708
2025-01-13,203000,203000,193900,194300,4767294,-4.520884520884521
2025-01-14,194300,197900,193600,195000,3019149,0.3602676273803397
2025-01-15,198000,201000,197700,198200,3620460,1.641025641025641
2025-01-16,208500,210000,206500,210000,6029645,5.953582240161452
2025-01-17,209500,217500,209000,214500,5041329,2.142857142857143
2025-01-20,219000,219000,210500,212000,3036234,-1.1655011655011656
2025-01-21,216500,220000,214000,218000,3323212,2.8301886792452833
2025-01-22,221500,227000,217000,225500,5901740,3.4403669724770642
2025-01-23,221000,225500,215000,219500,5994781,-2.6607538802660753
2025-01-24,220500,227000,217500,221000,3771572,0.683371298405467
2025-01-31,197000,204500,194800,199200,11871995,-9.864253393665159
2025-02-03,191500,193200,186900,190900,7926444,-4.166666666666666
2025-02-04,192900,194300,190100,191100,5851146,0.10476689366160294
2025-02-05,191900,199400,191900,198800,4245118,4.029304029304029
2025-02-06,202000,205000,200500,203500,4032622,2.3641851106639837
2025-02-07,205000,206000,200500,203000,2206293,-0.2457002457002457
2025-02-10,197800,203000,197000,198100,2779740,-2.413793103448276
2025-02-11,201000,201500,198000,199700,2488710,0.8076728924785461
2025-02-12,196500,199900,196000,198900,2884072,-0.40060090135202797
2025-02-13,198800,208500,198100,208500,3574410,4.826546003016592
2025-02-14,209000,212000,206500,210000,2598656,0.7194244604316548
2025-02-17,211500,216000,211000,212000,2497922,0.9523809523809524
2025-02-18,212000,215000,207000,210000,1937894,-0.9433962264150944
2025-02-19,216000,219500,214000,218500,3537720,4.0476190476190474
2025-02-20,217000,218500,211000,212000,3080242,-2.9748283752860414
2025-02-21,209500,211000,205500,209500,2601151,-1.179245283018868
2025-02-24,202500,205000,201000,205000,3087127,-2.1479713603818613
2025-02-25,199800,202000,199200,200500,3651613,-2.195121951219512
2025-02-26,199000,206000,198600,203000,3849749,1.2468827930174564
2025-02-27,204500,205000,198100,199200,3993419,-1.87192118226601
2025-02-28,191600,193000,188700,190200,5533027,-4.518072289156627
2025-03-04,184800,187500,184000,186100,5424556,-2.155625657202944
2025-03-05,188200,194400,186600,193100,4162368,3.7614185921547554
2025-03-06,193500,194000,190300,192400,2540131,-0.3625064733298809
2025-03-07,191000,192800,187900,192400,2700590,0.0
2025-03-10,187500,191500,187300,187900,2441476,-2.338877338877339
2025-03-11,182100,189000,181300,187800,3521800,-0.05321979776476849
2025-03-12,192400,199350,189700,198900,4064278,5.9105431309904155
2025-03-13,202500,204500,195500,199700,3883033,0.40221216691804923
2025-03-14,198500,206000,198500,204500,3397462,2.4036054081121683
2025-03-17,207000,209500,203500,206000,2584679,0.7334963325183375
2025-03-18,208500,209000,201000,203000,2696191,-1.4563106796116505
2025-03-19,202000,209500,201000,205500,3102000,1.2315270935960592
2025-03-20,207000,211000,205500,210000,2779557,2.18978102189781
2025-03-21,213500,219500,212000,215500,5731880,2.619047619047619
2025-03-24,211500,214500,209500,211500,1611040,-1.8561484918793503
2025-03-25,214500,215500,208000,208000,2262656,-1.6548463356973995
2025-03-26,209000,215500,208500,214000,2058540,2.8846153846153846
2025-03-27,208000,212000,206500,207000,2287220,-3.2710280373831773
2025-03-28,203000,204500,198900,199300,2673553,-3.719806763285024
2025-03-31,193500,195500,190500,190700,4561715,-4.315102860010035
2025-04-01,193600,198500,192000,197000,2317253,3.303618248557944
2025-04-02,198800,201500,197300,197900,2764223,0.4568527918781726
2025-04-03,189600,194600,188200,194600,4177747,-1.667508842849924
2025-04-04,187900,189600,178400,182200,9182017,-6.3720452209660845
2025-04-07,168000,172800,164800,164800,7879050,-9.549945115257959
2025-04-08,172000,173100,168200,169500,4965171,2.8519417475728157
2025-04-09,170000,170000,162700,165000,8035679,-2.6548672566371683
2025-04-10,189700,189900,180000,183200,7836984,11.030303030303031
2025-04-11,177800,181800,176100,180800,3223735,-1.3100436681222707
2025-04-14,182900,184400,178000,180200,3466194,-0.33185840707964603
2025-04-15,180200,182400,179700,180600,1915455,0.22197558268590456
2025-04-16,176500,177500,173500,174000,2933428,-3.6544850498338874
2025-04-17,172100,175400,171800,175000,2989493,0.5747126436781609
2025-04-18,174000,175500,172800,175000,1305152,0.0
2025-04-21,174800,180000,174500,176600,1877473,0.9142857142857144
2025-04-22,175000,175500,173300,173800,2008388,-1.5855039637599093
2025-04-23,179100,181600,178100,181000,3857373,4.1426927502876865
2025-04-24,182800,183400,177600,178300,3162156,-1.4917127071823204
2025-04-25,182500,184900,182100,184400,3507810,3.4212002243409985
2025-04-28,183500,183900,179700,182000,2455710,-1.3015184381778742
2025-04-29,182000,182900,179100,180800,1866386,-0.6593406593406593
2025-04-30,179100,180000,176700,177500,2354473,-1.825221238938053
2025-05-02,179400,186200,178400,186000,3886874,4.788732394366197
2025-05-07,187700,191500,185900,190800,3830097,2.5806451612903225
2025-05-08,196000,196000,189400,190300,5125330,-0.2620545073375262
2025-05-09,192000,192800,186800,190100,2539822,-0.10509721492380451
2025-05-12,193600,195200,193500,195000,1624884,2.5775907417148867
2025-05-13,200500,201500,197300,198500,3385009,1.7948717948717947
2025-05-14,207000,207000,204000,206000,3333511,3.7783375314861463
2025-05-15,207500,208000,199500,200500,3178957,-2.669902912621359
2025-05-16,206000,206750,203500,204500,2419507,1.99501246882793
2025-05-19,203000,203000,197500,199400,2482673,-2.493887530562347
2025-05-20,202500,208000,201500,202000,2820546,1.3039117352056169
2025-05-21,204500,205000,199900,200500,1721760,-0.7425742574257426
2025-05-22,199900,201500,196500,196900,1988587,-1.7955112219451372
2025-05-23,199900,201500,198700,200000,1538701,1.5744032503809042
2025-05-26,200000,203500,196900,203000,1459997,1.5
2025-05-27,200500,203500,200000,202500,1424916,-0.24630541871921183
2025-05-28,206500,209500,206000,208000,3161188,2.7160493827160495
2025-05-29,214500,214500,207500,212000,3827689,1.9230769230769231
2025-05-30,210000,210000,203000,204500,4826628,-3.5377358490566038
2025-06-02,205000,208500,203000,207500,1775752,1.466992665036675
2025-06-04,218000,223000,216500,217500,5108674,4.819277108433735
2025-06-05,225500,230000,222000,224500,5768506,3.218390804597701
2025-06-09,233000,233500,228000,229000,3666084,2.0044543429844097
2025-06-10,231000,232500,227500,230500,3718655,0.6550218340611353
2025-06-11,236000,241000,235000,240000,4230421,4.121475054229935
2025-06-12,242500,246500,235000,235500,4994238,-1.875
2025-06-13,240500,243000,233750,235500,4100610,0.0
2025-06-16,238000,248500,238000,248000,3760740,5.3078556263269645
2025-06-17,253000,260000,248000,249000,5044669,0.4032258064516129
2025-06-18,245500,252000,245000,246500,4081001,-1.0040160642570282
2025-06-19,247000,250000,242000,246000,2317796,-0.2028397565922921
2025-06-20,249000,257000,247500,257000,3597877,4.471544715447155
2025-06-23,252500,263000,248500,259500,3398736,0.9727626459143969
2025-06-24,270000,283000,269500,278500,5436312,7.321772639691715
2025-06-25,289000,291500,284000,286000,5466598,2.6929982046678633
2025-06-26,294500,298500,287000,293000,5894020,2.4475524475524475
2025-06-27,288000,294500,281000,284000,5134863,-3.0716723549488054
2025-06-30,288500,294500,286000,292000,4375298,2.8169014084507045
2025-07-01,291000,294500,285500,285500,3687981,-2.2260273972602738
2025-07-02,283500,283500,274500,279000,4702056,-2.276707530647986
2025-07-03,281000,284000,277000,278500,3642140,-0.17921146953405018
2025-07-04,279500,281500,269000,270500,3654933,-2.872531418312388
2025-07-07,266000,272000,264500,271000,2523564,0.18484288354898337
2025-07-08,271000,285000,268500,282000,3119395,4.059040590405904
2025-07-09,282500,284000,277500,281000,2626484,-0.3546099290780142
2025-07-10,284000,297000,283500,297000,4556065,5.6939501779359425
2025-07-11,299500,306500,292000,294500,3732533,-0.8417508417508417
2025-07-14,292500,302500,292500,300000,2936976,1.8675721561969438
2025-07-15,296000,298500,290000,298500,4196196,-0.5
2025-07-16,298500,299500,292500,296000,3123297,-0.8375209380234505
2025-07-17,283500,289500,268000,269500,9328322,-8.952702702702704
2025-07-18,270000,275000,267000,269000,5359504,-0.1855287569573284
2025-07-21,267500,274500,266500,272500,2424891,1.3011152416356877
2025-07-22,273000,273500,267000,268500,3139858,-1.4678899082568808
2025-07-23,267500,271000,264500,269000,3116279,0.186219739292365
2025-07-24,277000,279000,269000,269500,3667144,0.18587360594795538
2025-07-25,273000,275000,265500,266000,2171063,-1.2987012987012987
2025-07-28,261000,265500,258500,262000,2877357,-1.5037593984962405
2025-07-29,254500,265000,254500,262500,2944177,0.19083969465648853
2025-07-30,263000,266000,260500,263500,2482807,0.38095238095238093
2025-07-31,271000,274000,265500,273500,3472644,3.795066413662239
2025-08-01,266000,267000,257000,258000,3227394,-5.6672760511883
2025-08-04,254500,260000,254000,258000,2281558,0.0
2025-08-05,264000,264500,260500,263500,2118171,2.131782945736434
2025-08-06,260500,260500,257500,258500,1374559,-1.8975332068311195
2025-08-07,258000,263000,250000,262000,2724438,1.3539651837524178
2025-08-08,262000,266000,255500,256500,2676174,-2.099236641221374
2025-08-11,260500,267500,260000,267000,2415473,4.093567251461988
2025-08-12,268000,276000,267500,269000,3008648,0.7490636704119851
2025-08-13,278000,279000,274000,278000,3472694,3.3457249070631967
2025-08-14,277500,277500,270500,276500,2101050,-0.539568345323741
2025-08-18,272000,272000,267000,267500,1993220,-3.25497287522604
2025-08-19,268500,270000,261500,263000,1709646,-1.6822429906542056
2025-08-20,254500,257000,251000,255500,3571545,-2.8517110266159698
2025-08-21,246500,251000,245000,245000,6301130,-4.10958904109589
2025-08-22,245500,252500,245500,251000,3064062,2.4489795918367347
2025-08-25,256000,261500,254000,259500,3183709,3.386454183266932
2025-08-26,259500,262500,257000,261500,2050625,0.7707129094412332
2025-08-27,259000,261000,256000,260000,2801594,-0.5736137667304015
2025-08-28,254000,268500,253000,268500,3836024,3.2692307692307696
2025-08-29,268000,270000,266000,269000,1892127,0.186219739292365
2025-09-01,259500,261000,255000,256000,1837054,-4.83271375464684
2025-09-02,256000,261500,256000,260500,1584710,1.7578125
2025-09-03,259500,265500,257750,262500,2437896,0.7677543186180422
2025-09-04,267000,271000,264500,265500,2189959,1.1428571428571428
2025-09-05,273000,275000,272000,273500,3103427,3.0131826741996233
2025-09-08,278500,279000,274000,277000,2018299,1.2797074954296161
2025-09-09,278000,288500,277000,288000,4158342,3.9711191335740073
2025-09-10,294500,305000,293000,304000,5265553,5.555555555555555
2025-09-11,310000,315000,305500,307000,5148088,0.9868421052631579
2025-09-12,322000,329500,319000,328500,4242516,7.0032573289902285
2025-09-15,339500,341500,325000,331000,4221256,0.76103500761035
2025-09-16,331500,354000,331500,348000,5841135,5.13595166163142
2025-09-17,341000,342500,333500,333500,4498866,-4.166666666666666
2025-09-18,338500,357000,336500,353000,4526286,5.847076461769116
2025-09-19,351500,360000,348000,353000,4385543,0.0
2025-09-22,349000,359000,345250,351000,4377563,-0.56657223796034
2025-09-23,355500,363000,353000,361000,3315336,2.849002849002849
2025-09-24,359000,364000,348500,357500,4165199,-0.9695290858725761
2025-09-25,352000,359000,349500,356500,2148215,-0.27972027972027974
2025-09-26,347500,349000,333000,336500,3685324,-5.610098176718092
2025-09-29,339500,351000,339000,349000,2275986,3.7147102526002973
2025-09-30,353000,356500,347500,347500,2238614,-0.42979942693409745
2025-10-01,351000,362000,351000,360000,2802437,3.597122302158273
2025-10-02,388500,404500,384000,395500,7430763,9.86111111111111
2025-10-10,426000,439250,416500,428000,6835852,8.217446270543615
2025-10-13,405500,415500,403000,415000,4356534,-3.0373831775700935
2025-10-14,425000,436500,406500,411500,4101275,-0.8433734939759037
2025-10-15,410500,424000,407000,422500,2688019,2.67314702308627
2025-10-16,421000,455000,420500,452500,4247934,7.100591715976331
2025-10-17,451500,475000,449500,465500,4541583,2.8729281767955803
2025-10-20,477500,485500,465500,485500,3333903,4.296455424274973
2025-10-21,497000,502000,478000,479000,4126858,-1.3388259526261586
2025-10-22,475000,482000,469000,481500,3870276,0.5219206680584552
2025-10-23,470000,488500,468000,478500,3583993,-0.6230529595015576
2025-10-24,493000,513000,491500,510000,4254202,6.583072100313479
2025-10-27,533000,537000,523000,535000,3381231,4.901960784313726
2025-10-28,521000,527000,509000,521000,5659008,-2.6168224299065423
2025-10-29,538000,559000,523000,558000,4803031,7.1017274472168905
2025-10-30,558000,579000,552000,568000,4888461,1.7921146953405016
2025-10-31,557000,566000,552000,559000,3351809,-1.584507042253521
2025-11-03,557000,624000,555000,620000,5787058,10.912343470483005
2025-11-04,611000,614000,583000,586000,5969769,-5.483870967741936
2025-11-05,563000,587000,532000,579000,8976222,-1.1945392491467577
2025-11-06,602000,607000,583000,593000,5321244,2.4179620034542317
2025-11-07,577000,599000,565000,580000,4789397,-2.1922428330522767
2025-11-10,584000,615000,581000,606000,4893645,4.482758620689655
2025-11-11,622000,646000,604000,619000,5508697,2.145214521452145
2025-11-12,605000,620000,601000,617000,2831484,-0.32310177705977383
2025-11-13,607000,622000,607000,612000,3875541,-0.8103727714748784
2025-11-14,579000,585000,560000,560000,5778374,-8.49673202614379
2025-11-17,588000,606000,584000,606000,4470947,8.214285714285714
2025-11-18,583000,591000,570000,570000,3544391,-5.9405940594059405
2025-11-19,563000,570000,546000,562000,4529736,-1.4035087719298245
2025-11-20,595000,597000,570000,571000,4670237,1.601423487544484
2025-11-21,518000,531000,514000,521000,6646712,-8.756567425569177
2025-11-24,531000,542000,517000,520000,6399162,-0.19193857965451055
2025-11-25,546000,550000,518000,519000,3716730,-0.19230769230769232
2025-11-26,513000,528000,501000,524000,5127393,0.9633911368015413
2025-11-27,535000,556000,533000,544000,3654092,3.816793893129771
2025-11-28,551000,552000,530000,530000,2680138,-2.5735294117647056
2025-12-01,542000,545000,525000,538000,3134704,1.509433962264151
2025-12-02,548000,559000,542000,558000,2686580,3.717472118959108
2025-12-03,550000,559000,544000,552000,2586619,-1.0752688172043012
2025-12-04,542000,543000,532000,542000,2858305,-1.8115942028985508
2025-12-05,530000,546000,527000,544000,3204933,0.36900369003690037
2025-12-08,543000,580000,533000,577000,4288433,6.0661764705882355
2025-12-09,569000,575000,564000,566000,2391174,-1.9064124783362217
2025-12-10,571000,593000,570000,587000,3986083,3.7102473498233217
2025-12-11,583000,589000,565000,565000,4021907,-3.747870528109029
2025-12-12,565000,579000,560000,571000,2646148,1.0619469026548671
2025-12-15,535000,563500,535000,554000,2482125,-2.9772329246935203
2025-12-16,545000,551000,530000,530000,3287998,-4.332129963898916
2025-12-17,530000,554000,525000,551000,2692626,3.9622641509433962
2025-12-18,538000,563000,537000,552000,2959059,0.18148820326678766
2025-12-19,569000,570000,547000,547000,3440005,-0.9057971014492754
2025-12-22,574000,580000,567000,580000,2878464,6.032906764168191
2025-12-23,585000,593000,581000,584000,2011188,0.6896551724137931
2025-12-24,587000,591000,584000,588000,2160697,0.684931506849315
2025-12-26,594000,605000,590000,599000,4243548,1.870748299319728
2025-12-29,630000,640000,625000,640000,4176151,6.844741235392321
2025-12-30,639000,659000,634000,651000,4094603,1.7187500000000002
2026-01-02,651000,679000,647000,677000,4181895,3.9938556067588324
2026-01-05,698000,700000,684000,696000,4337511,2.806499261447563
2026-01-06,690000,727000,671000,726000,4830275,4.310344827586207
2026-01-07,760000,762000,728000,742000,5693115,2.203856749311295
2026-01-08,731000,788000,731000,756000,6496379,1.8867924528301887
2026-01-09,744000,756000,727000,744000,4343703,-1.5873015873015872
2026-01-12,755000,762000,735000,749000,3329793,0.6720430107526881
2026-01-13,753000,754000,724000,738000,3771944,-1.4686248331108143
2026-01-14,733000,750000,728000,742000,4885051,0.5420054200542005
2026-01-15,732000,750000,727000,749000,3003414,0.9433962264150944
2026-01-16,751000,763000,747000,756000,3712326,0.9345794392523363
2026-01-19,755000,774000,750000,764000,3392008,1.0582010582010581
2026-01-20,764000,764000,737000,743000,2762369,-2.74869109947644
2026-01-21,729000,756000,728000,740000,5108442,-0.4037685060565276
2026-01-22,766000,773000,751000,755000,3545309,2.027027027027027
2026-01-23,754000,776000,744000,767000,3508272,1.5894039735099337
2026-01-26,753000,754000,736000,736000,3133330,-4.041720990873533
2026-01-27,738000,800000,733000,800000,5660198,8.695652173913043
2026-01-28,810000,854000,803000,841000,6708497,5.125
2026-01-29,879000,884000,819000,861000,6837983,2.3781212841854935
2026-01-30,854000,931000,853000,909000,7875195,5.574912891986063
2026-02-02,870000,888000,830000,830000,7634191,-8.690869086908691
2026-02-03,874000,907000,871000,907000,5272538,9.27710843373494
2026-02-04,884000,906000,883000,900000,3800763,-0.7717750826901874
2026-02-05,851000,877000,838000,842000,5473720,-6.444444444444445
2026-02-06,805000,850000,791000,839000,5581574,-0.35629453681710216
2026-02-09,898000,899000,873000,887000,4228584,5.721096543504172
2026-02-10,894000,905000,876000,876000,3441377,-1.2401352874859075
2026-02-11,860000,874000,848000,860000,3125590,-1.82648401826484
2026-02-12,882000,894000,878000,888000,4619344,3.255813953488372
2026-02-13,889000,903000,878000,880000,3534047,-0.9009009009009009
2026-02-19,905000,913000,888000,894000,3285109,1.5909090909090908
2026-02-20,892000,955000,881000,949000,5054333,6.152125279642058
2026-02-23,980000,980000,941000,951000,3523887,0.21074815595363539
2026-02-24,952000,1005000,946000,1005000,4102382,5.678233438485805
2026-02-25,1012000,1038000,1004000,1018000,3462525,1.2935323383084576
2026-02-26,1024000,1099000,1023000,1099000,4461976,7.956777996070727
2026-02-27,1050000,1096000,1048000,1061000,6221976,-3.4576888080072794
